size_sqft,bedrooms,bathrooms,age_years,location,has_garage,has_garden,price
1135.1,2,3,72,Rural,1,0,155187.24
1364.6,5,1,59,Rural,0,1,210240.46
2113.7,4,3,11,Rural,1,1,241678.62
2540.7,3,2,23,Suburban,1,0,329255.71
1858.1,1,1,5,Urban,0,0,231389.28
1207.2,3,1,76,Rural,1,0,166030.12
1840.3,2,2,31,Urban,1,1,283722.02
1444.4,5,3,21,Suburban,0,1,277061.24
1240.9,4,1,76,Urban,1,1,234001.75
2433.2,1,2,35,Rural,0,1,250582.66
2283.1,3,2,4,Suburban,1,1,290370.17
2601.4,3,3,39,Suburban,1,0,313510.72
1544.9,5,3,15,Rural,0,0,254023.36
1608.9,4,1,5,Suburban,1,1,290830.39
1281.4,4,3,51,Urban,1,1,230030.92
748.0,3,3,66,Urban,1,0,183449.35
1958.3,5,2,46,Rural,0,0,266680.17
1171.2,2,3,40,Urban,1,1,188942.29
2560.0,4,2,3,Suburban,1,1,342810.5
774.0,3,1,24,Rural,1,0,186918.03
2100.7,2,2,17,Urban,1,1,338647.22
2049.0,3,2,65,Urban,1,1,302020.23
2332.4,4,1,12,Urban,1,1,332027.79
1800.6,3,1,18,Rural,1,0,198644.9
2511.0,3,1,32,Urban,0,0,325252.6
1786.4,3,2,30,Urban,1,1,265577.23
1490.2,2,3,35,Urban,1,1,255754.96
2148.9,1,1,68,Rural,1,0,203358.88
1600.5,1,2,12,Suburban,0,1,205948.1
1632.6,3,3,56,Urban,1,0,274760.16
2170.2,4,2,41,Suburban,1,1,310882.28
2213.8,2,2,48,Suburban,1,0,274286.28
2206.4,2,1,65,Suburban,0,1,262140.58
1351.3,5,2,2,Urban,1,0,278653.26
2172.0,4,3,30,Suburban,0,1,297813.97
2046.7,4,1,17,Suburban,1,1,268877.6
3043.5,4,3,53,Suburban,1,0,365711.55
1419.5,3,3,76,Suburban,1,0,183195.18
2352.3,5,3,31,Suburban,1,1,323576.52
773.6,2,3,58,Suburban,1,0,128505.69
2174.5,5,3,75,Rural,1,0,220508.3
754.0,1,3,74,Urban,1,0,138625.02
2227.8,3,3,0,Suburban,0,0,296482.66
1404.4,1,3,54,Suburban,1,1,189287.93
528.2,2,3,48,Suburban,1,1,155320.33
2483.1,4,2,67,Suburban,1,1,304166.69
1754.2,3,2,24,Suburban,1,0,220538.57
2886.9,5,1,36,Suburban,1,1,350520.24
2695.8,1,1,26,Urban,1,0,334455.89
1997.5,5,1,6,Suburban,1,0,265586.42
1888.5,3,1,17,Rural,1,1,233354.24
2694.0,1,3,38,Urban,0,0,311743.8
2193.1,5,2,11,Suburban,1,1,330106.55
1178.3,1,1,5,Rural,1,1,177833.0
1924.7,3,3,11,Suburban,1,0,286130.62
2307.2,3,1,3,Suburban,0,0,280067.33
1758.4,2,3,51,Suburban,0,1,264660.33
1624.4,4,3,50,Suburban,1,1,277403.73
2414.0,4,3,5,Urban,0,1,419094.99
1833.3,3,3,60,Suburban,0,1,290152.62
1776.2,1,3,73,Suburban,1,1,203645.07
992.5,4,1,29,Suburban,1,1,168969.3
1820.2,2,2,10,Suburban,1,1,270354.94
2086.8,2,2,60,Urban,1,1,265623.73
2274.9,3,2,9,Suburban,0,0,297313.4
1471.1,1,1,16,Suburban,1,1,180633.21
1684.6,5,1,54,Suburban,1,0,289156.05
1252.5,1,3,77,Urban,1,1,179794.97
764.5,1,1,74,Suburban,1,1,82732.84
2488.4,4,2,63,Suburban,0,1,310393.92
1853.7,3,3,22,Suburban,0,1,253868.93
1850.4,2,2,20,Suburban,1,1,247561.21
1910.1,2,2,70,Urban,1,0,273797.23
2203.4,1,2,4,Suburban,1,0,287433.28
500.0,1,1,47,Rural,1,1,56809.68
2194.9,2,2,52,Urban,1,0,298925.89
1155.6,1,1,17,Suburban,1,1,197490.58
2132.1,2,1,60,Urban,1,1,254912.1
1735.1,5,3,4,Suburban,0,1,294580.0
1902.8,1,2,72,Suburban,1,0,189358.53
1804.4,3,1,47,Rural,1,1,231369.7
2737.9,1,1,19,Suburban,0,0,311347.62
952.3,1,3,28,Urban,1,0,210437.05
2430.4,5,2,5,Rural,1,0,298974.24
1105.8,1,2,68,Urban,1,1,156902.92
2500.0,4,1,9,Rural,0,1,299751.92
1501.5,3,2,50,Suburban,1,0,201311.01
1907.4,4,1,25,Suburban,0,1,249865.37
1104.9,3,3,12,Urban,1,1,215529.46
1168.5,5,1,39,Suburban,0,0,236513.32
2036.6,4,2,17,Suburban,0,1,295177.41
2703.1,4,1,74,Suburban,1,0,310369.85
2175.4,5,2,18,Rural,0,1,279766.39
1738.1,5,2,59,Rural,1,1,225019.69
1585.7,1,1,65,Urban,1,1,261880.94
1905.9,5,3,76,Urban,0,1,312961.64
1611.1,1,2,25,Suburban,1,1,234911.03
2049.9,3,1,60,Suburban,1,0,250312.37
2044.8,1,2,25,Urban,1,0,277634.54
700.3,1,1,69,Rural,1,1,74134.95
1706.3,3,2,60,Urban,1,0,252151.41
2122.3,4,2,1,Urban,0,1,307752.57
2266.7,5,3,28,Suburban,1,1,335735.04
2923.5,2,1,21,Urban,1,0,361608.9
1904.6,2,2,8,Suburban,1,1,305418.32
2587.1,1,3,43,Suburban,1,0,327484.95
1553.9,5,1,9,Rural,1,1,250539.02
1921.3,3,3,31,Rural,1,0,259976.22
1120.5,2,1,9,Urban,0,1,183082.15
1485.0,5,2,76,Suburban,0,1,249204.68
709.2,5,3,79,Suburban,1,0,149867.56
1923.6,1,2,55,Suburban,0,1,234405.21
1555.0,5,2,65,Suburban,0,1,228451.59
2425.3,2,2,71,Suburban,0,1,316376.76
1216.2,5,3,21,Suburban,1,0,282905.12
1978.0,5,1,59,Suburban,0,1,265404.16
2198.6,5,2,42,Urban,1,1,287268.45
1937.0,3,2,25,Rural,1,0,207005.54
1696.8,5,3,17,Suburban,1,1,234552.87
1552.2,1,1,37,Suburban,1,1,176785.54
950.4,1,2,21,Urban,1,1,186712.92
500.0,2,2,64,Rural,1,0,76718.73
1803.5,4,3,44,Urban,1,0,257199.41
1435.3,5,3,41,Suburban,1,1,253055.88
677.6,3,1,68,Suburban,1,1,171292.9
1712.9,5,2,26,Suburban,0,0,265823.3
2168.9,5,2,36,Urban,1,0,314315.31
1333.6,3,1,0,Urban,1,0,257950.23
2425.1,1,2,34,Suburban,1,0,330941.5
2521.6,3,2,3,Suburban,1,0,309579.64
2507.0,5,2,24,Suburban,0,1,389212.73
1152.4,2,2,29,Suburban,1,1,194233.62
2316.4,3,2,62,Urban,0,1,315903.04
1363.0,2,2,17,Urban,1,0,250228.91
1712.4,2,1,15,Suburban,0,0,231182.13
2156.1,4,2,21,Urban,1,1,271067.44
1406.4,3,1,55,Suburban,1,0,196475.29
1792.3,4,1,9,Urban,0,0,283366.91
2055.9,2,3,63,Suburban,1,1,262819.83
1621.1,3,2,25,Urban,1,1,255993.62
2184.6,4,2,33,Rural,1,0,290476.39
2580.9,1,2,37,Rural,1,0,241087.12
1601.9,2,3,33,Suburban,1,1,273022.34
703.0,5,1,70,Suburban,1,0,153396.22
2624.0,1,2,8,Suburban,1,0,268581.39
2210.9,2,3,44,Suburban,1,0,285280.75
2570.5,5,2,2,Suburban,1,0,325600.04
621.0,4,3,4,Urban,1,1,225444.0
1228.5,5,1,8,Urban,1,1,243929.4
2135.2,1,3,33,Suburban,1,0,235064.83
2756.3,5,3,58,Urban,1,1,370203.67
1425.5,3,3,68,Rural,1,1,223584.75
1054.3,1,2,8,Suburban,0,1,155122.86
1412.6,2,3,49,Suburban,1,1,211172.72
1378.7,3,1,67,Urban,1,0,224141.43
2025.1,5,3,11,Suburban,1,1,397393.48
1595.8,2,1,51,Suburban,0,1,211986.18
2483.2,2,3,64,Urban,1,0,345586.16
3129.2,1,1,48,Rural,1,0,291091.18
2490.9,5,3,6,Suburban,0,0,348733.88
1908.8,3,3,72,Suburban,1,0,261968.15
858.0,5,1,66,Rural,1,0,136917.1
1919.4,2,1,63,Suburban,0,1,257041.61
2109.7,1,1,64,Rural,1,1,165592.31
1732.9,4,2,49,Urban,1,1,290040.46
1330.2,3,1,16,Suburban,0,1,187157.15
1433.7,5,3,66,Suburban,1,1,274491.31
1915.6,2,3,26,Suburban,1,1,221737.8
3418.4,3,3,37,Suburban,1,0,377722.58
1649.5,2,1,37,Suburban,0,1,253194.37
791.3,5,1,46,Suburban,1,0,163869.22
684.5,2,3,24,Suburban,1,0,154716.27
1524.8,4,3,28,Suburban,1,1,246028.8
2035.7,3,2,69,Suburban,1,1,272280.94
1090.3,5,2,27,Urban,1,0,239142.18
1856.5,1,2,49,Rural,1,0,240438.47
2522.0,4,1,65,Urban,0,1,313606.28
1400.8,4,1,19,Rural,1,0,213006.11
1869.6,5,3,78,Urban,1,1,262603.04
2541.7,2,2,9,Urban,1,0,288031.84
1167.9,2,1,57,Rural,1,0,132716.37
723.6,1,2,2,Urban,1,1,136194.04
2295.5,5,2,29,Suburban,0,0,302738.75
2271.3,3,2,44,Rural,0,1,248534.72
1250.7,4,3,53,Suburban,1,0,207310.17
500.0,1,1,60,Rural,1,0,49717.86
1512.5,4,3,28,Suburban,0,0,219687.67
1788.0,1,1,21,Suburban,1,0,248811.43
3984.5,5,2,8,Suburban,1,1,485345.04
1555.4,2,3,13,Urban,1,0,233768.51
1080.4,2,1,47,Rural,0,0,112368.82
2656.0,2,1,45,Urban,1,1,273795.54
1920.5,1,3,61,Rural,1,1,150397.48
1839.1,4,3,32,Urban,1,1,285260.91
2266.4,2,1,37,Suburban,1,1,271559.64
1863.4,4,2,12,Suburban,1,0,304257.62
762.8,5,1,35,Rural,0,0,119818.9
2210.0,4,2,7,Urban,1,0,364034.7
1738.3,3,1,6,Suburban,1,1,273029.22
1084.3,2,2,31,Suburban,1,0,219546.46
1468.5,4,1,72,Urban,1,0,190749.04
2838.9,1,2,63,Suburban,1,0,267605.83
1805.4,3,3,17,Urban,1,0,336329.8
1821.9,4,3,57,Rural,0,0,243728.18
1633.0,2,2,43,Suburban,1,1,241812.24
2795.4,1,1,10,Suburban,1,1,270045.86
1151.7,3,2,50,Suburban,0,0,212298.32
2725.8,4,3,53,Rural,0,1,293827.43
1596.4,5,3,11,Suburban,0,1,306168.74
1322.3,2,3,76,Suburban,1,1,191868.02
1938.9,2,2,5,Suburban,0,1,259579.61
2096.9,5,3,11,Urban,0,1,323631.3
1044.5,3,1,25,Suburban,1,1,184583.98
1860.0,4,3,40,Rural,1,0,268477.55
2380.7,5,3,55,Rural,1,1,302066.29
1942.6,1,3,41,Rural,0,1,221934.26
2480.0,1,2,4,Urban,0,1,273350.03
1028.7,2,2,56,Urban,1,1,169997.8
2965.7,4,2,49,Rural,0,0,287164.19
1618.1,5,1,10,Suburban,0,1,252145.14
2027.5,5,2,26,Suburban,0,1,285445.24
2091.6,1,1,48,Rural,1,0,226320.83
1653.3,5,3,56,Suburban,1,0,304280.53
2660.7,1,1,61,Suburban,1,1,258645.39
2642.5,5,3,60,Rural,1,1,346085.62
1677.1,3,3,71,Suburban,1,0,236713.76
1473.5,4,3,3,Suburban,0,1,258195.59
2243.0,2,1,71,Urban,1,1,264321.94
879.8,3,2,56,Urban,1,1,181126.82
1789.5,4,1,67,Suburban,0,1,233558.78
1754.9,4,3,20,Urban,1,1,254495.47
2532.4,2,3,47,Urban,0,1,322299.8
1575.7,5,2,54,Suburban,1,0,260624.81
2664.4,4,2,59,Urban,0,0,353882.97
2173.8,1,1,28,Suburban,1,0,244024.17
1796.8,2,3,23,Suburban,0,1,240425.51
2624.4,2,1,2,Rural,0,1,346779.16
1419.7,4,3,41,Suburban,1,0,261854.83
1881.3,5,1,37,Urban,1,1,297353.32
1630.9,4,3,23,Urban,1,1,288980.84
1928.5,2,3,27,Urban,0,0,310383.49
500.0,5,3,47,Rural,1,1,147905.92
1596.7,4,1,16,Suburban,1,1,207603.74
2148.2,4,3,39,Urban,1,1,322465.55
1260.0,3,2,46,Rural,1,1,149029.5
1373.9,5,3,53,Rural,1,1,192813.9
1076.8,4,2,65,Urban,0,0,183236.54
2586.4,1,2,55,Suburban,0,1,214290.26
2215.0,1,2,53,Suburban,1,1,291437.79
1602.1,1,2,56,Suburban,1,1,200548.49
648.7,3,2,37,Urban,1,0,179358.92
719.4,1,1,65,Suburban,1,1,131585.35
2026.9,1,2,12,Rural,0,1,215036.6
1374.9,1,2,8,Rural,1,1,160180.56
2246.2,1,3,60,Urban,1,1,270770.11
1085.4,4,1,24,Suburban,0,1,204968.66
1322.2,2,1,21,Suburban,1,1,166118.46
2291.8,3,2,59,Suburban,1,0,304821.88
1802.2,3,1,51,Suburban,0,1,253233.99
2780.1,2,2,34,Rural,0,0,278924.63
1417.6,5,3,9,Suburban,0,0,261998.12
500.0,1,1,52,Suburban,1,0,118472.27
2122.1,3,2,5,Suburban,1,0,355112.53
1367.2,3,1,36,Rural,0,1,158114.86
2246.1,1,2,71,Suburban,1,0,251278.05
1074.7,5,3,24,Suburban,0,1,236191.86
1445.1,4,3,39,Rural,0,1,205656.74
2926.3,2,2,3,Urban,1,0,310066.17
1832.0,2,1,77,Suburban,1,1,191075.69
2828.5,3,1,44,Rural,1,1,305634.06
1903.3,5,2,36,Urban,1,1,317977.51
1485.8,4,3,43,Rural,1,0,206463.3
1885.8,1,3,47,Urban,0,1,209885.68
2335.5,4,2,14,Rural,1,0,346326.04
1876.7,3,3,62,Rural,1,1,260969.32
1804.7,1,1,1,Suburban,1,0,197458.54
1034.1,4,2,74,Urban,1,1,197939.35
2721.8,2,3,36,Rural,1,0,312194.38
2449.4,4,3,5,Urban,1,0,385508.65
1285.2,3,3,43,Suburban,1,0,214506.42
1029.5,1,3,2,Suburban,0,1,153487.85
2083.1,3,1,1,Urban,0,1,288174.76
1495.8,3,1,24,Suburban,1,1,257566.66
2132.4,3,2,15,Suburban,0,1,299790.55
2036.7,3,2,55,Suburban,1,1,268343.77
2320.6,5,3,65,Suburban,0,1,312776.51
1035.2,2,1,61,Urban,0,1,176220.17
2063.2,5,1,17,Urban,1,0,356756.14
1106.6,1,1,65,Rural,1,1,153226.49
1476.2,2,1,69,Rural,1,0,158542.74
1590.8,1,2,76,Rural,1,0,177629.33
2075.1,3,2,63,Suburban,0,0,250346.3
2621.0,1,3,79,Suburban,1,0,255156.1
1738.2,1,1,32,Urban,1,0,251364.5
2560.2,3,3,52,Suburban,1,1,321063.19
1867.3,3,2,1,Rural,1,1,304612.8
556.4,2,1,54,Rural,1,0,109995.6
2768.1,2,2,16,Rural,1,0,261805.52
2323.0,3,3,39,Suburban,1,0,303188.67
2003.3,2,1,20,Suburban,1,1,228713.69
983.9,4,1,71,Urban,1,1,193827.27
1984.6,4,3,47,Suburban,0,1,317253.76
1440.7,2,2,51,Urban,0,0,228262.49
2835.2,5,1,17,Suburban,0,0,374105.94
1080.4,2,2,44,Suburban,0,1,191913.63
3156.6,1,3,46,Suburban,1,0,369686.53
1786.3,3,3,11,Urban,0,0,287257.59
1413.5,4,1,5,Urban,1,0,212810.37
943.0,2,2,63,Suburban,1,0,161338.37
2265.4,3,3,68,Suburban,1,0,292348.97
1933.3,1,1,14,Suburban,1,1,228261.82
2059.9,4,1,22,Suburban,1,1,308702.42
2122.7,4,2,79,Rural,1,1,267856.99
2249.2,1,2,54,Rural,1,1,257383.52
1424.4,5,2,63,Urban,1,0,273671.8
1964.1,1,3,24,Rural,0,1,210109.28
1848.5,1,2,64,Suburban,1,1,209646.02
1121.7,3,3,26,Suburban,1,0,216641.29
1684.0,1,2,20,Suburban,1,0,237047.5
2285.3,3,2,74,Suburban,1,1,261742.32
632.3,4,1,65,Urban,1,0,150299.93
1623.4,5,1,50,Urban,0,1,288954.98
1626.4,3,1,64,Urban,0,0,246470.16
2818.3,1,1,52,Suburban,0,0,279512.42
1333.3,1,3,3,Urban,1,1,254077.73
1211.4,1,3,25,Suburban,1,1,191642.97
1642.6,5,3,37,Suburban,1,0,254852.31
1622.3,2,1,32,Rural,1,0,209750.44
2034.5,3,1,30,Suburban,0,1,228830.9
1481.9,5,1,19,Suburban,1,0,251858.69
2208.0,2,2,60,Suburban,0,1,274388.75
905.6,2,1,36,Urban,0,1,177417.26
1125.2,3,2,17,Urban,0,0,207826.83
1122.5,4,1,61,Urban,1,0,191196.02
2357.4,3,1,47,Suburban,0,0,316095.15
1141.6,5,1,18,Urban,1,1,263312.08
2795.2,5,1,10,Rural,0,1,320663.94
883.9,5,3,17,Urban,1,0,243561.01
2950.1,1,1,32,Rural,1,0,262478.07
1532.2,2,2,18,Suburban,1,0,156467.27
2950.8,4,2,56,Suburban,0,0,356287.75
949.2,1,2,64,Suburban,1,0,134778.22
2282.4,1,2,16,Suburban,1,1,291576.99
671.6,3,3,15,Suburban,1,1,197047.95
2864.0,4,3,56,Suburban,1,0,347417.2
1464.9,4,1,75,Suburban,1,0,205534.19
2308.6,5,3,55,Urban,0,0,323728.22
1645.6,3,3,29,Rural,0,0,196607.17
2112.0,5,2,74,Rural,1,0,294107.53
803.9,3,3,74,Urban,1,0,218742.27
1178.8,1,1,42,Suburban,1,0,138730.12
1101.8,5,1,12,Urban,1,1,278845.11
2018.2,1,1,45,Suburban,0,1,226546.3
2029.3,3,3,38,Suburban,1,0,263203.8
590.0,2,3,6,Urban,0,1,189229.71
3305.6,5,3,23,Rural,1,1,403497.9
2628.9,5,1,39,Urban,1,1,379637.32
1010.5,1,2,65,Suburban,1,1,143595.75
1716.2,3,2,65,Suburban,1,1,194977.32
2220.7,2,3,45,Suburban,1,1,270653.43
500.0,4,2,4,Suburban,1,0,183174.93
2273.0,2,3,32,Suburban,1,1,352342.83
1286.5,1,2,24,Rural,1,0,171433.99
2054.4,1,3,62,Suburban,1,1,279447.05
1739.8,5,3,24,Rural,1,1,300207.8
1745.3,3,2,15,Suburban,0,1,262703.63
700.4,2,2,65,Rural,1,0,125945.46
1242.6,2,3,72,Suburban,1,0,167437.59
1610.7,2,1,57,Rural,0,1,199960.42
1808.5,4,1,54,Rural,1,1,193606.65
1931.9,2,1,41,Suburban,1,1,240777.27
1792.6,2,2,47,Suburban,0,1,166645.94
1442.7,3,3,43,Urban,0,1,237164.89
1035.5,3,3,27,Suburban,1,0,236659.47
2316.4,4,2,4,Suburban,1,1,311973.78
1773.3,5,3,38,Suburban,1,0,270276.25
1864.6,1,1,5,Rural,1,1,217566.72
2175.6,3,1,78,Suburban,1,1,270604.76
1839.7,4,3,47,Suburban,1,0,274343.94
2168.0,2,3,54,Suburban,1,0,260196.06
1619.2,2,3,20,Suburban,1,0,229130.72
3114.0,1,1,67,Urban,1,0,354551.84
1565.6,1,3,54,Urban,1,1,249493.59
1974.0,4,2,27,Urban,0,1,308007.75
2252.0,4,1,48,Urban,1,1,319783.06
2491.6,1,3,21,Suburban,0,0,310637.95
2120.3,5,2,69,Urban,1,0,320466.69
2858.5,5,2,5,Suburban,0,1,361843.4
1301.2,1,2,47,Suburban,0,0,161633.09
1743.6,1,2,32,Urban,1,0,234758.2
1735.4,2,3,55,Rural,1,0,204611.29
1234.3,2,1,69,Urban,1,0,178883.22
1640.3,2,3,73,Suburban,0,1,199680.84
1918.9,1,3,47,Suburban,1,1,222561.18
1805.2,2,3,22,Rural,1,1,242014.43
2024.4,1,2,25,Suburban,0,0,213015.48
2104.7,3,2,40,Suburban,0,1,272861.2
1836.1,3,2,68,Rural,1,1,241082.88
2028.5,1,2,42,Suburban,0,0,177524.23
3176.7,2,2,73,Suburban,0,0,326651.18
1831.2,5,3,58,Urban,1,1,292348.31
1858.8,2,2,17,Suburban,1,1,224987.47
2136.5,4,1,53,Suburban,1,0,271034.7
1470.9,3,3,40,Rural,1,1,223278.08
2068.8,4,1,53,Suburban,1,1,348668.43
1429.7,3,3,6,Suburban,0,1,302035.72
500.0,2,2,37,Suburban,0,0,139389.31
802.4,5,2,64,Suburban,1,0,190449.85
2040.1,4,1,31,Urban,1,1,278545.59
2682.9,3,1,8,Rural,1,0,316040.69
2457.0,5,2,32,Rural,0,0,342637.6
1992.5,4,2,38,Suburban,0,0,352222.94
2522.0,5,1,50,Rural,1,1,309530.77
1899.8,4,3,4,Urban,0,0,335308.01
2359.3,4,2,32,Suburban,0,0,296260.42
1624.3,4,2,37,Suburban,0,1,307548.99
2037.6,3,2,44,Suburban,1,1,294998.51
1940.4,1,2,79,Suburban,1,0,237110.13
3222.9,3,2,15,Urban,0,0,401017.79
1098.1,2,2,35,Suburban,1,0,198639.53
2610.2,4,1,24,Suburban,1,0,317087.49
1405.3,4,3,42,Suburban,0,0,247448.75
2638.7,1,2,62,Urban,0,1,266076.67
1405.5,3,1,13,Suburban,1,0,197023.57
1754.4,2,2,72,Suburban,1,1,203898.03
1948.8,3,3,50,Urban,0,0,263314.38
1935.0,2,1,30,Rural,1,1,210102.26
1406.6,5,3,25,Rural,1,0,265311.44
2901.9,2,1,12,Suburban,1,1,351039.38
1359.0,1,2,63,Suburban,1,1,200297.8
1141.1,5,2,64,Urban,1,0,238369.57
1417.2,4,1,30,Urban,0,1,238282.2
1643.1,5,3,8,Rural,1,0,228966.47
2411.1,2,2,12,Suburban,1,0,262403.9
1415.2,3,1,12,Rural,0,0,167807.37
1281.5,5,1,41,Suburban,1,1,195408.92
2741.3,3,3,18,Urban,1,1,326352.81
1973.1,4,2,58,Rural,1,0,227186.12
1696.6,1,1,66,Rural,1,1,135950.38
1650.2,4,2,39,Suburban,1,1,262741.4
2544.9,1,1,31,Suburban,0,0,262246.16
1087.3,5,3,66,Suburban,1,0,210850.56
1835.4,3,2,33,Suburban,1,1,283057.94
2213.9,1,3,69,Urban,1,0,277208.44
2204.4,3,1,5,Urban,0,1,315057.37
2028.6,3,3,68,Urban,1,1,329571.81
1492.8,3,2,75,Suburban,1,1,223419.5
2161.5,1,2,60,Rural,1,0,162176.25
2307.3,2,1,2,Suburban,1,0,274728.64
1647.5,5,1,62,Urban,1,1,269796.94
2083.4,3,2,27,Urban,1,0,310202.29
2184.2,1,2,66,Suburban,1,1,282240.16
1234.0,5,3,28,Rural,0,1,195213.3
1958.7,5,2,8,Suburban,0,1,311946.16
2442.3,5,1,9,Suburban,1,1,371360.4
1408.9,5,2,1,Suburban,0,0,235015.58
500.0,5,3,43,Rural,1,1,166588.85
2455.8,4,3,63,Urban,1,0,355541.0
1794.6,2,3,54,Urban,0,0,292818.58
2119.3,5,2,50,Urban,1,0,350086.64
1439.2,5,3,26,Urban,1,0,269011.64
1618.1,2,2,30,Urban,1,1,241977.82
1987.5,4,3,14,Rural,1,1,297262.57
1679.4,4,1,26,Suburban,0,0,281562.86
2061.1,5,3,42,Suburban,1,1,275517.26
2335.3,4,3,39,Suburban,1,1,320296.42
2877.9,1,1,23,Urban,0,0,303409.73
1089.5,4,2,34,Rural,1,1,179908.72
1467.5,2,3,22,Rural,1,0,215005.96
1584.8,3,3,6,Urban,1,0,282740.57
2846.3,1,1,72,Rural,1,1,236196.66
1454.2,3,1,75,Rural,1,0,170140.74
1804.5,5,1,34,Urban,0,0,294567.78
1757.3,2,3,14,Rural,0,1,212253.24
1884.4,5,3,39,Rural,0,0,222564.23
829.5,3,3,44,Suburban,0,0,181529.74
2689.6,5,3,47,Suburban,1,0,385392.13
1407.6,4,3,1,Suburban,1,1,262143.63
1587.2,3,1,65,Suburban,1,1,224514.8
600.8,3,2,40,Rural,1,0,128084.6
1446.3,3,3,18,Urban,1,0,278372.09
2635.6,3,2,55,Urban,1,1,330747.55
500.0,2,1,9,Urban,1,1,180050.8
1513.3,1,1,26,Rural,1,0,158622.16
1945.3,1,1,79,Rural,0,1,136198.55
2393.7,3,2,62,Urban,1,1,311129.61
2743.9,1,2,75,Urban,1,1,306317.58
1787.1,5,2,54,Urban,1,1,277174.33
2431.9,2,2,70,Urban,1,0,321163.43
2087.2,5,2,29,Urban,1,0,293891.87
2189.6,4,2,51,Rural,0,0,245979.54
675.0,3,3,39,Urban,1,0,230417.39
1027.0,3,2,66,Urban,1,1,231731.49
1156.4,5,3,13,Rural,0,0,263210.62
1312.7,1,1,7,Suburban,1,0,214125.59
1610.6,1,3,78,Urban,1,1,236855.13
1827.7,5,2,10,Urban,1,0,310265.52
1593.2,5,1,31,Urban,1,0,213919.15
500.0,5,3,61,Urban,1,1,261246.57
1659.3,5,2,56,Urban,1,1,299607.85
500.0,1,1,79,Suburban,0,1,131669.65
2356.0,5,2,12,Urban,0,1,395133.95
1141.3,5,3,44,Suburban,0,1,237716.78
1494.5,4,1,47,Urban,1,0,218770.61
2210.8,1,1,37,Rural,1,1,164177.36
726.6,3,2,10,Urban,1,0,190932.9
2144.1,2,3,19,Suburban,0,0,287290.19
1089.8,5,1,52,Rural,1,1,230882.64
1291.5,5,2,24,Suburban,0,1,275648.47
3149.9,5,3,50,Urban,0,0,410240.62
3505.7,2,3,68,Urban,1,1,351041.44
1762.8,2,2,26,Suburban,0,1,291528.26
1721.9,4,3,18,Suburban,1,0,266938.81
1839.6,3,1,7,Suburban,1,1,286241.99
1579.7,3,1,54,Suburban,1,1,222621.72
1595.4,5,3,65,Suburban,1,1,231666.08
2106.4,1,2,61,Rural,0,0,179709.33
2201.8,3,3,22,Suburban,1,0,289625.41
1447.1,1,3,62,Suburban,1,1,190724.86
1715.7,1,1,53,Urban,1,1,231793.16
1292.3,4,2,79,Suburban,1,1,196301.52
1404.8,2,1,61,Suburban,1,0,144798.14
2609.3,5,3,79,Suburban,0,0,314795.13
2230.9,5,3,14,Urban,1,1,334584.46
1202.0,2,3,30,Rural,1,1,155533.26
1908.3,2,1,79,Urban,1,0,180777.26
2016.0,3,3,37,Urban,0,0,303777.62
2299.0,3,1,14,Urban,0,0,338236.66
2065.3,1,1,41,Suburban,1,0,209654.23
2463.6,5,3,26,Rural,0,1,322243.44
1434.3,3,3,63,Urban,0,1,219709.01
2176.9,3,2,18,Suburban,1,1,293258.82
1630.4,1,3,64,Suburban,1,1,216793.19
2492.8,4,1,73,Suburban,1,1,286873.31
2481.0,4,1,13,Suburban,0,1,315805.17
2167.6,3,2,20,Rural,0,1,229486.05
1311.7,2,2,48,Suburban,0,0,173635.16
1763.8,2,1,37,Rural,0,0,183475.53
2139.1,3,2,13,Rural,0,1,286722.46
1761.4,4,2,67,Suburban,1,1,217930.73
1831.2,5,2,57,Rural,1,0,214624.63
2038.8,3,3,64,Suburban,0,1,249697.43
1608.7,1,3,37,Rural,1,1,182180.46
2234.9,4,3,5,Suburban,1,1,319318.49
1322.9,3,2,28,Rural,1,0,162251.46
1614.6,2,1,59,Rural,1,1,224146.87
2005.1,2,1,58,Suburban,1,1,239394.83
2556.4,2,1,3,Suburban,1,1,359275.64
1925.0,2,2,71,Suburban,1,0,236705.27
2308.4,2,1,76,Suburban,0,1,270162.5
1796.6,4,1,49,Suburban,1,1,273379.78
2736.8,4,1,8,Urban,1,1,358058.57
2265.5,2,2,63,Suburban,0,0,235508.39
2102.0,2,2,10,Rural,0,1,237788.74
2261.4,5,1,9,Suburban,0,1,302818.98
2928.4,2,3,22,Rural,0,0,311071.25
3335.2,2,1,42,Rural,1,0,319503.25
1657.7,4,3,35,Rural,1,1,245802.27
2752.5,4,3,58,Urban,1,1,316399.94
1383.9,4,1,40,Urban,1,1,223821.37
1586.4,4,2,10,Urban,1,1,286633.18
1119.2,1,1,1,Rural,1,0,130496.09
1289.2,5,2,31,Suburban,1,0,206129.0
1337.3,5,1,8,Suburban,0,0,265993.99
1579.8,3,3,34,Suburban,1,0,254467.53
1628.9,1,3,37,Urban,1,1,222601.5
2094.6,4,1,64,Urban,1,1,260368.81
1655.0,2,2,51,Suburban,0,1,215309.85
2922.6,4,2,79,Suburban,1,1,351017.27
2456.1,2,1,49,Urban,1,0,312562.71
1165.1,1,2,78,Rural,0,0,148363.7
2001.1,2,1,45,Urban,1,1,241187.91
1522.6,3,2,56,Suburban,1,0,209603.71
2118.4,4,2,16,Suburban,1,1,301239.38
1833.2,4,1,6,Rural,0,1,238273.24
1637.3,2,1,63,Urban,0,0,187391.5
2469.0,5,3,16,Suburban,1,1,347716.56
670.7,4,2,26,Rural,1,0,98161.11
1794.3,4,2,9,Urban,0,1,260680.47
851.2,2,2,60,Urban,1,1,181077.52
2448.0,3,2,72,Urban,1,1,332972.66
1862.9,4,3,29,Rural,1,1,226590.29
1593.7,4,3,0,Urban,1,1,279353.1
1289.6,3,3,8,Urban,1,0,262440.43
1108.7,1,3,48,Suburban,0,1,158812.25
779.7,3,3,55,Urban,1,0,199158.41
1935.0,1,1,10,Urban,1,1,284127.72
1667.4,2,1,19,Rural,1,0,165985.33
794.8,4,3,8,Urban,1,1,231367.11
2471.3,1,2,78,Suburban,1,0,293550.81
1122.3,5,1,9,Urban,1,1,239779.58
2878.5,2,2,46,Suburban,1,1,324738.86
2307.1,3,1,65,Rural,0,1,228272.57
1771.2,1,2,2,Urban,1,0,253919.24
1325.2,2,1,51,Urban,1,0,226460.52
2310.8,3,3,78,Suburban,0,1,243194.08
1632.9,3,3,67,Suburban,0,0,300256.06
1468.1,5,1,20,Urban,0,1,259372.4
2632.6,2,1,38,Rural,1,0,223697.86
2273.8,4,3,39,Rural,1,0,310415.7
2647.9,3,2,60,Suburban,1,1,329134.13
2040.9,1,2,56,Rural,1,1,204972.32
850.1,2,2,32,Urban,1,1,131989.13
2729.9,2,3,57,Suburban,1,0,342859.29
1338.9,1,2,68,Urban,1,1,214219.26
1435.6,5,2,22,Suburban,1,0,213566.77
1965.5,1,2,41,Rural,1,0,203914.76
1396.1,1,1,12,Rural,1,0,177082.46
2100.7,2,3,74,Rural,1,0,202280.93
1512.5,1,1,52,Urban,0,0,192966.52
945.9,1,3,4,Suburban,1,1,187345.62
1755.6,5,3,45,Suburban,1,1,272843.62
2371.8,4,3,28,Rural,1,0,294293.76
2531.8,5,2,3,Urban,0,0,391278.59
2100.5,4,3,17,Urban,1,0,361042.65
2514.7,3,1,29,Urban,0,1,297636.86
2436.9,4,1,60,Suburban,0,0,335850.4
501.3,2,1,23,Suburban,1,1,133398.04
2319.7,5,2,44,Rural,1,0,266878.48
2507.2,4,1,17,Suburban,1,0,285529.77
1511.5,3,2,60,Rural,1,1,160543.98
1986.8,2,2,6,Urban,1,1,321473.53
1620.3,1,1,15,Urban,1,0,273481.34
2230.7,4,1,20,Urban,0,1,292687.79
2575.5,4,3,70,Urban,1,0,321125.34
2195.2,3,3,13,Urban,1,1,281965.0
1000.1,5,1,71,Rural,0,1,136401.38
2213.5,3,1,71,Urban,0,0,301400.19
1894.7,1,3,13,Rural,1,0,236086.6
1343.9,3,1,66,Suburban,0,1,157576.48
2878.3,3,2,6,Suburban,0,1,383672.47
1808.9,5,3,12,Urban,0,1,359840.88
1316.2,2,2,14,Urban,1,1,204482.37
1221.5,5,2,22,Urban,1,1,276817.22
1169.6,3,1,55,Rural,1,0,124854.16
1909.2,4,2,74,Rural,0,1,224569.78
3008.6,3,3,22,Suburban,0,1,311297.17
2075.2,5,2,64,Urban,1,0,314132.6
2491.2,1,2,64,Urban,1,0,281214.8
1879.6,2,1,32,Urban,0,1,241800.6
1651.8,1,1,79,Urban,1,0,234694.38
940.1,4,2,32,Urban,1,0,268801.34
1503.6,2,3,61,Suburban,1,0,237667.4
1661.5,1,3,7,Suburban,1,1,239585.96
1414.2,2,1,36,Rural,0,0,205546.01
1217.7,4,1,25,Rural,1,1,188749.83
2326.5,4,2,38,Suburban,1,1,318461.75
667.1,2,3,49,Suburban,0,0,129142.4
1703.3,5,1,16,Suburban,1,1,302733.45
2036.7,5,1,53,Urban,1,0,252799.98
1358.8,5,1,73,Suburban,0,0,282429.26
2602.3,5,2,43,Suburban,1,0,323930.36
1032.8,2,2,76,Suburban,1,1,166418.11
2068.1,3,3,28,Suburban,1,0,270632.51
1673.5,4,1,28,Rural,0,0,203734.55
1949.4,1,1,56,Suburban,0,1,228230.53
889.7,4,3,61,Urban,1,0,217734.01
1117.8,1,1,69,Rural,1,1,107738.12
2039.4,1,1,21,Urban,0,0,244689.94
1987.0,5,2,30,Suburban,1,1,299547.93
1571.3,3,3,65,Urban,0,0,256321.77
1105.3,4,1,13,Suburban,1,0,167490.95
2807.1,1,3,46,Suburban,0,1,345996.29
622.6,5,1,60,Suburban,1,0,157044.91
1889.6,2,3,11,Rural,1,1,251533.03
1544.3,3,3,69,Urban,0,1,244195.78
2006.7,2,2,53,Rural,1,0,207582.04
1763.8,2,3,49,Suburban,1,0,231134.84
939.6,1,2,29,Rural,1,1,91645.45
1471.1,2,2,69,Suburban,1,0,188956.63
2030.6,2,1,32,Urban,1,0,266125.74
2500.5,1,2,53,Suburban,1,1,290389.59
1663.5,3,3,8,Suburban,0,1,223890.56
1595.7,1,3,1,Urban,1,1,247315.49
1976.3,3,1,20,Urban,1,1,272922.43
2037.8,2,3,57,Rural,1,1,188589.06
2272.9,5,3,28,Rural,1,1,293165.74
577.4,2,3,39,Suburban,0,0,149498.54
2749.9,1,1,60,Rural,1,0,223682.24
2629.2,2,1,6,Rural,0,0,252439.75
1909.1,1,3,41,Suburban,1,1,231633.48
2012.6,1,3,4,Rural,1,1,234529.78
1501.4,3,1,44,Urban,1,0,219080.62
1221.3,5,1,1,Rural,1,1,251428.61
2080.0,2,2,20,Suburban,0,1,261707.19
2620.3,3,2,29,Suburban,0,1,365256.17
2971.0,4,3,77,Urban,0,0,370457.89
522.6,5,3,27,Rural,1,1,128099.28
661.2,5,2,77,Suburban,0,1,152613.79
2203.5,5,2,69,Urban,1,0,275849.5
1224.9,1,1,78,Urban,1,1,152013.05
828.1,5,3,3,Rural,1,0,176795.78
1750.0,4,3,45,Urban,0,1,266445.8
2231.2,5,3,35,Rural,1,0,290062.95
2004.3,5,3,49,Suburban,1,0,269457.11
1207.3,4,3,9,Urban,1,1,258982.74
1863.2,4,1,56,Urban,1,1,284487.84
1877.0,3,3,70,Urban,1,0,272552.45
2986.3,1,2,79,Suburban,1,0,265415.58
1853.2,4,1,26,Suburban,1,1,302497.19
1437.9,4,1,59,Urban,1,1,214288.92
1591.4,2,1,66,Suburban,1,0,182279.69
1563.3,4,1,72,Suburban,1,0,230451.56
2591.8,2,3,14,Urban,0,0,371049.18
1112.8,4,2,3,Rural,1,0,215869.84
1350.3,4,3,5,Urban,1,0,274063.7
1627.7,4,1,70,Urban,1,0,259902.79
1373.1,5,2,14,Suburban,1,1,266746.85
537.3,2,3,1,Urban,1,1,137812.6
2791.2,2,3,41,Urban,1,0,368031.02
1277.3,1,2,41,Urban,1,1,174615.15
1531.7,5,3,67,Urban,0,0,273224.97
864.8,3,1,23,Urban,0,1,187793.51
1678.0,2,1,55,Suburban,1,0,196161.57
1325.2,4,1,4,Suburban,0,0,233769.63
1075.1,3,1,33,Rural,1,0,138091.32
1746.8,1,3,64,Suburban,1,0,229949.34
725.0,3,3,15,Rural,1,0,171340.24
1774.4,4,2,41,Urban,1,1,267743.53
1492.5,2,1,3,Urban,0,1,242168.87
2455.3,4,2,5,Urban,1,0,385450.69
1747.9,2,1,32,Suburban,1,0,269499.12
1200.4,2,1,15,Suburban,0,1,238264.86
2260.3,1,2,67,Rural,0,0,202326.14
1600.0,2,3,70,Urban,1,0,255963.8
1676.4,4,2,48,Suburban,1,1,252243.48
1861.8,5,2,22,Suburban,1,0,283658.25
1226.8,3,3,50,Urban,1,1,262061.25
2091.2,3,2,52,Urban,1,0,275525.64
2067.9,5,2,71,Urban,0,1,270461.42
1181.4,4,3,41,Suburban,1,0,213289.09
1741.9,2,1,41,Urban,1,0,267027.82
1692.4,3,1,78,Suburban,0,0,222522.28
1842.5,4,1,37,Urban,1,0,255955.87
1623.9,2,3,68,Rural,1,0,159121.34
2284.7,4,3,50,Suburban,0,1,294385.98
3244.6,4,3,34,Suburban,1,1,408983.71
2138.9,4,1,6,Suburban,0,1,289121.02
2740.8,5,3,66,Urban,1,0,337777.14
1208.9,2,1,78,Suburban,0,1,151638.99
2684.5,1,3,25,Urban,1,1,338199.91
691.8,2,2,63,Suburban,1,0,99585.13
1839.8,2,2,49,Urban,1,0,252305.44
2281.4,1,1,72,Rural,1,0,220630.35
2673.2,3,2,9,Suburban,1,1,394071.74
2712.4,1,3,54,Suburban,1,1,240458.31
1980.6,1,2,8,Suburban,1,1,275288.07
1773.3,2,1,54,Suburban,1,0,207104.63
1507.1,2,3,1,Urban,1,0,250785.38
2373.8,2,1,56,Suburban,0,1,251386.1
2318.4,2,3,70,Suburban,0,0,243478.24
3157.8,5,1,40,Suburban,1,1,353339.89
2889.4,1,3,47,Rural,1,1,245008.38
1917.3,2,1,75,Urban,1,1,230684.97
1322.4,4,1,41,Urban,1,0,270928.28
1079.1,4,1,25,Suburban,0,1,214063.63
1885.0,3,1,52,Suburban,1,0,242409.12
1779.1,2,3,54,Suburban,0,1,215534.55
1616.0,2,1,78,Suburban,0,0,212116.15
1300.4,1,1,17,Urban,1,1,204414.4
1364.8,2,2,78,Rural,0,0,164885.06
1475.3,4,1,56,Rural,1,0,177227.25
734.7,4,2,8,Urban,1,1,196565.08
1712.0,1,1,45,Suburban,1,0,186040.5
1068.4,2,2,24,Rural,1,1,165283.27
1767.9,3,1,69,Rural,1,1,206998.11
2185.7,1,3,78,Rural,1,1,226662.81
1824.1,2,2,42,Suburban,1,1,249741.24
1574.2,2,3,41,Suburban,1,0,217007.62
783.3,3,2,79,Rural,0,0,129331.76
2044.2,2,2,42,Rural,1,0,205994.7
2685.8,2,3,56,Suburban,1,1,302240.6
2720.4,1,2,2,Suburban,1,0,344951.18
1058.6,4,2,19,Suburban,1,1,234305.1
1985.2,5,3,19,Rural,1,0,292475.7
1976.5,4,2,39,Rural,1,1,225242.66
2405.4,2,2,38,Urban,1,1,290639.21
1680.1,3,2,69,Rural,1,0,204374.12
1920.6,1,1,2,Suburban,1,1,207238.05
847.1,3,2,22,Rural,1,1,137356.89
1995.8,5,3,12,Urban,1,0,327568.03
1400.9,1,3,74,Rural,0,1,88280.35
1393.6,3,2,49,Suburban,1,1,253764.59
2020.4,3,1,65,Urban,1,0,278091.54
1201.8,4,1,35,Rural,1,1,158168.7
2349.2,3,1,35,Urban,1,1,288255.78
2144.5,2,3,45,Urban,1,0,238888.97
1445.2,5,3,36,Suburban,1,0,297230.26
2719.0,5,2,49,Suburban,1,1,339388.74
1873.6,5,3,6,Suburban,1,0,287015.6
2344.7,1,3,38,Urban,1,1,299264.31
2082.8,4,3,67,Suburban,1,0,285457.09
1029.7,5,1,15,Rural,1,0,159929.03
2043.7,1,3,56,Rural,0,1,206188.79
2272.1,2,3,72,Suburban,1,0,264994.51
2078.5,5,3,60,Suburban,1,1,293748.32
1720.2,2,1,50,Suburban,0,0,233204.85
2274.0,5,1,61,Urban,1,1,332160.81
681.4,4,3,23,Rural,1,0,196557.32
3221.6,2,3,50,Suburban,0,0,404590.74
1880.2,4,3,35,Urban,1,1,335790.22
2615.1,3,3,53,Suburban,1,1,337713.66
1112.4,3,3,15,Rural,1,0,190670.97
701.1,2,1,79,Suburban,1,0,162489.73
1406.1,5,2,14,Urban,1,1,221613.59
2325.5,2,3,2,Suburban,1,1,285566.79
1607.6,1,3,43,Urban,1,1,207523.74
1142.4,3,1,35,Urban,1,1,180174.29
1577.8,2,3,14,Urban,1,0,271356.91
1485.6,5,1,31,Rural,1,1,216109.25
1695.6,1,1,58,Urban,1,1,188344.86
1720.9,1,2,17,Rural,1,0,151272.55
1208.3,1,1,58,Rural,0,1,174220.22
2801.6,4,3,56,Urban,0,0,347548.18
1847.4,3,3,66,Urban,1,1,329445.59
1560.7,5,3,38,Suburban,0,0,221900.19
3042.3,5,2,67,Urban,0,1,374491.29
1779.8,3,2,22,Rural,1,1,180696.98
1375.4,4,3,48,Suburban,1,0,228460.48
689.7,2,2,42,Urban,0,0,176266.82
1341.2,5,2,46,Urban,1,1,226399.54
1679.2,4,2,60,Suburban,1,0,289033.52
2553.6,5,2,67,Urban,1,0,357657.48
2548.9,4,2,26,Urban,0,0,334307.94
2004.4,3,1,10,Suburban,1,1,260911.3
672.1,1,2,52,Rural,1,0,99262.96
1372.8,5,3,9,Suburban,1,0,282337.79
2533.9,3,1,52,Suburban,0,0,280385.11
2038.3,4,2,34,Rural,1,0,264328.85
719.0,1,3,37,Urban,0,1,184240.13
2000.2,5,3,47,Suburban,1,0,332287.96
1649.3,1,2,24,Suburban,0,0,178383.99
2369.4,1,1,28,Suburban,1,1,236950.02
1763.9,4,2,35,Suburban,0,0,243930.96
1868.9,1,2,57,Suburban,1,0,242278.5
1922.1,2,1,23,Urban,1,1,284553.23
1745.1,1,3,6,Suburban,1,1,213105.43
1977.3,2,1,1,Rural,1,1,272731.3
1292.6,1,3,38,Suburban,0,1,139161.08
2768.3,3,1,28,Suburban,1,1,317624.43
2904.5,3,3,65,Suburban,0,0,331931.03
1655.3,3,2,78,Suburban,1,1,216079.13
2135.1,1,2,53,Urban,0,0,266337.69
2192.9,2,3,35,Urban,0,0,328269.56
1361.3,5,2,67,Rural,1,1,147150.64
1954.4,4,3,28,Urban,1,0,293709.64
2259.7,2,1,77,Urban,1,1,256258.34
1734.1,3,2,13,Urban,1,0,309163.04
2601.5,4,3,24,Suburban,1,0,368056.6
1727.1,4,2,56,Suburban,1,0,260967.33
2363.3,4,2,27,Suburban,1,0,336933.4
2864.0,3,3,29,Urban,1,1,393760.06
761.4,3,1,17,Suburban,1,1,154984.57
2127.9,2,3,16,Suburban,1,1,309989.27
1818.7,2,2,45,Urban,0,1,248955.25
1580.5,2,3,17,Rural,1,1,226882.68
1190.9,2,1,77,Urban,1,0,163436.4
1182.0,3,1,66,Suburban,1,1,233801.45
1715.4,3,3,25,Rural,1,1,231150.19
1620.0,2,1,42,Rural,1,1,219967.55
1968.1,1,3,21,Urban,1,1,334143.94
1702.1,3,1,14,Suburban,1,1,193461.81
1622.0,2,2,22,Suburban,1,1,254282.86
1801.5,1,3,12,Suburban,1,0,234711.68
1493.9,1,2,31,Urban,1,0,201802.36
2979.6,3,1,60,Urban,1,1,340817.69
2403.1,2,2,42,Suburban,1,0,277665.61
1857.3,5,2,22,Suburban,1,0,345536.82
2370.3,5,1,56,Suburban,0,0,329393.77
1573.5,4,1,71,Urban,1,0,246523.02
1393.8,2,1,40,Suburban,1,0,181186.6
2350.7,4,2,45,Suburban,1,0,320669.54
1601.4,1,3,32,Rural,0,1,173311.1
1458.5,3,3,21,Suburban,1,1,264478.59
2205.7,4,1,24,Suburban,1,1,296463.67
726.5,3,2,50,Urban,1,0,162912.77
1348.5,4,3,30,Suburban,0,0,248520.46
1401.8,5,3,56,Rural,1,1,211019.4
2516.4,5,1,41,Suburban,1,1,293718.29
2007.5,1,2,52,Urban,0,1,243829.5
505.6,1,2,49,Rural,1,0,34588.35
3476.4,1,1,15,Urban,1,1,354432.76
2822.6,2,3,79,Urban,0,0,317451.29
796.9,3,3,47,Suburban,1,1,178851.43
1493.2,4,3,12,Rural,1,1,240736.67
2199.9,2,2,35,Urban,0,1,313785.78
1189.3,1,2,3,Suburban,1,0,207574.76
2118.3,2,3,17,Rural,1,1,275314.14
1197.4,1,3,30,Suburban,1,1,196734.44
2327.2,5,1,26,Urban,0,0,327330.13
683.0,3,1,41,Urban,1,0,165905.59
1511.7,2,3,0,Rural,1,0,196489.01
2082.2,2,3,21,Rural,1,1,233846.79
2019.3,3,3,73,Suburban,0,0,249889.56
1322.6,3,3,50,Urban,1,0,228385.54
1300.2,5,3,45,Suburban,0,0,228604.57
2384.3,5,2,41,Suburban,1,0,322350.95
2430.2,2,2,34,Rural,1,0,289067.99
1812.5,3,1,46,Suburban,1,0,244422.38
2232.9,1,3,77,Suburban,1,0,272696.98
1533.0,3,2,31,Urban,1,1,262164.79
1775.5,4,1,46,Suburban,1,1,220303.11
2495.3,4,2,9,Rural,1,0,321363.08
1474.9,1,1,34,Urban,1,1,222769.81
1540.1,5,2,36,Suburban,1,1,282451.56
918.7,4,3,39,Suburban,0,1,265744.89
1731.1,2,1,55,Suburban,1,1,199684.48
2444.7,2,2,1,Suburban,1,0,314668.21
2481.1,3,1,14,Urban,0,0,355400.53
1363.0,5,2,12,Suburban,1,1,178681.81
1796.5,1,2,53,Suburban,1,0,213129.53
2239.9,2,2,44,Suburban,1,1,317563.98
1892.9,5,3,6,Suburban,1,0,294276.02
2147.1,3,2,55,Rural,1,0,259426.14
3042.7,3,1,73,Urban,0,1,367618.64
667.4,3,3,24,Urban,1,1,247019.28
2405.9,4,2,10,Suburban,1,1,347135.26
2642.8,2,1,73,Rural,1,0,289719.3
2433.2,1,2,57,Suburban,1,1,253927.18
1777.6,3,2,55,Suburban,1,0,222985.25
1124.9,2,1,20,Suburban,0,0,126364.13
1950.4,5,2,19,Rural,0,1,272867.86
802.6,5,3,51,Rural,1,0,109072.79
936.9,3,3,60,Suburban,1,0,175360.17
2210.0,2,1,24,Suburban,0,0,286716.49
3005.4,2,1,29,Suburban,1,1,310286.91
1969.2,3,3,3,Urban,0,0,296483.92
2675.5,3,3,4,Rural,1,0,324303.64
1328.9,3,2,25,Suburban,0,0,250204.55
3149.0,3,3,9,Urban,1,0,392505.1
1497.3,5,3,37,Suburban,1,1,266229.04
1202.4,5,3,15,Suburban,1,0,208897.61
2837.4,1,2,58,Suburban,1,0,288047.51
2762.3,5,3,67,Suburban,1,0,364553.25
1467.1,4,3,20,Suburban,1,0,214376.23
1889.7,4,3,62,Rural,0,1,231921.6
1440.5,4,2,72,Suburban,1,0,241889.69
1317.8,1,1,66,Suburban,1,0,157671.18
886.3,5,1,69,Urban,1,0,249842.34
1605.3,4,3,44,Rural,1,1,186286.35
1749.1,3,3,30,Rural,1,0,228823.91
2788.0,1,2,45,Rural,0,1,296788.51
1357.0,3,3,68,Suburban,0,0,219787.61
2692.9,4,2,33,Rural,1,0,338577.01
1824.6,1,1,66,Urban,1,1,202862.53
2256.5,3,1,42,Suburban,0,1,257622.41
2731.1,2,3,57,Suburban,1,1,323402.95
1842.3,5,1,6,Urban,0,0,295315.14
3039.3,2,1,71,Urban,0,1,296030.55
1740.3,3,3,27,Urban,1,0,264071.98
1033.0,3,2,24,Urban,0,0,160929.08
2304.7,4,1,47,Suburban,0,0,294394.37
2071.3,1,3,2,Suburban,1,1,273953.17
2788.7,4,3,24,Urban,1,0,355050.8
1112.1,1,2,63,Suburban,1,1,120548.09
2350.6,5,3,9,Suburban,1,0,356783.65
1847.4,3,1,53,Urban,1,0,249771.75
1124.4,4,2,65,Suburban,1,1,174322.07
1931.6,5,3,66,Rural,0,1,264404.38
1149.2,1,1,63,Suburban,0,0,111085.21
2551.9,4,3,63,Suburban,1,1,323479.4
2877.5,3,2,56,Urban,1,1,374159.72
1820.4,1,1,15,Suburban,0,1,209781.61
2211.8,5,3,53,Rural,0,0,243486.86
1226.2,1,1,39,Suburban,0,0,192358.8
2250.2,1,2,68,Urban,1,1,279670.64
1387.7,3,1,49,Suburban,0,0,170626.93
1892.9,4,2,37,Suburban,1,1,295710.06
2698.7,1,2,52,Rural,0,1,229501.27
2405.4,5,2,72,Urban,0,1,336544.97
924.1,2,1,52,Suburban,1,0,149441.15
990.7,1,1,79,Rural,1,0,121263.47
1092.3,2,3,34,Rural,0,1,158044.37
561.3,4,3,41,Suburban,0,1,190013.24
1834.9,3,2,10,Suburban,1,1,211373.09
2078.1,3,1,48,Rural,0,1,210910.54
1806.8,4,1,32,Suburban,1,0,309977.15
2044.9,2,1,11,Suburban,1,0,274421.88
2493.1,2,2,13,Suburban,0,1,323055.16
1273.0,5,3,74,Urban,1,1,264474.94
2497.3,4,3,72,Suburban,1,0,260511.46
1326.6,3,2,6,Suburban,0,0,230596.89
1243.3,5,2,72,Rural,1,1,213729.76
2129.6,1,2,10,Rural,1,0,175532.67
2427.4,4,3,66,Suburban,1,1,319657.71
1945.0,3,1,48,Rural,1,0,239598.0
1021.7,5,3,9,Suburban,1,1,231590.34
1474.1,5,2,6,Suburban,0,0,278155.25
1052.0,5,3,78,Urban,1,1,232178.83
1982.1,2,1,72,Urban,1,0,265341.5
1985.8,4,3,55,Suburban,1,0,273447.5
2736.5,4,3,48,Rural,1,0,267729.53
1710.4,3,1,53,Urban,0,0,272228.88
1055.0,2,2,29,Suburban,1,0,133121.3
1518.5,2,3,68,Rural,1,0,200460.39
1725.9,1,2,41,Suburban,0,0,199648.98
1877.9,5,2,17,Suburban,0,1,306868.26
896.4,1,1,29,Rural,1,0,152237.84
2308.7,1,2,32,Suburban,1,1,241079.58
1704.3,3,2,22,Suburban,1,0,261936.94
