employee_id,age,department,salary,years_at_company,promotion_last_2yr,satisfaction_score,avg_work_hours,left
1,24,Finance,98494,33,0,9.0,42,0
2,50,Finance,57688,39,0,2.3,38,0
3,56,R&D,117291,34,0,5.8,53,0
4,60,IT,94891,19,0,7.2,46,1
5,39,Finance,136802,1,1,2.3,58,0
6,41,IT,105579,20,1,7.5,36,0
7,64,HR,62630,27,0,9.1,43,0
8,44,R&D,44486,20,0,7.6,50,0
9,55,Sales,144680,24,0,4.1,54,0
10,54,HR,63598,37,1,3.6,48,1
11,31,HR,38616,7,1,1.1,43,0
12,54,Finance,99287,9,0,7.3,38,0
13,54,IT,108600,24,0,9.8,46,0
14,47,R&D,97341,16,0,8.7,56,0
15,41,IT,103725,24,0,2.0,40,0
16,36,IT,42912,19,0,8.6,45,1
17,58,Finance,60604,19,0,6.5,37,1
18,54,R&D,149815,24,0,1.8,57,0
19,38,HR,89763,23,0,6.9,44,0
20,26,Sales,144779,1,0,1.6,43,0
21,25,HR,55434,33,0,1.2,40,0
22,24,HR,43318,4,0,7.6,38,0
23,42,HR,148697,1,0,8.4,40,0
24,61,R&D,71771,0,0,4.2,54,1
25,24,HR,48137,14,1,2.1,56,0
26,42,R&D,85810,12,1,4.9,45,0
27,29,R&D,41953,22,1,6.1,50,0
28,63,Sales,115499,22,0,6.0,40,1
29,57,IT,96867,4,0,7.4,52,0
30,50,R&D,76577,3,0,8.7,52,0
31,60,Sales,144643,2,0,9.8,38,0
32,55,IT,89356,3,1,5.3,50,0
33,43,R&D,66460,25,0,3.7,35,0
34,52,Marketing,122498,19,0,3.8,38,0
35,49,Finance,102216,7,0,2.9,43,0
36,56,IT,144124,33,0,6.8,43,0
37,55,IT,87550,8,0,4.8,47,0
38,34,HR,82734,4,0,7.0,58,0
39,62,IT,78535,30,0,2.9,57,0
40,25,Marketing,75177,34,0,6.6,52,0
41,64,Sales,105467,35,0,9.0,39,0
42,27,HR,110760,35,0,8.6,40,0
43,22,Sales,102369,4,1,9.8,47,0
44,33,Finance,42088,10,0,5.3,39,1
45,56,R&D,41208,22,0,2.3,43,0
46,32,IT,138500,21,0,3.3,45,0
47,44,Sales,37803,32,0,8.3,45,0
48,35,HR,39784,29,1,4.9,45,0
49,40,Sales,134184,36,0,7.4,48,0
50,58,Sales,143578,9,1,7.2,44,1
51,37,Finance,72963,36,0,7.1,40,1
52,49,Sales,120220,33,0,1.3,44,1
53,52,R&D,135563,24,0,7.1,44,0
54,28,Finance,106709,21,0,6.6,51,0
55,48,Finance,125948,6,0,3.5,46,0
56,38,HR,70933,29,0,1.2,54,0
57,28,R&D,98031,9,0,4.5,59,0
58,36,HR,35704,2,0,5.8,48,0
59,61,IT,103019,16,0,7.7,55,0
60,33,Marketing,37836,35,0,8.7,39,0
61,29,R&D,48075,9,0,9.4,56,0
62,23,Finance,83137,21,0,3.0,53,0
63,59,R&D,83483,3,1,2.9,41,0
64,47,Marketing,80874,4,0,5.1,56,0
65,42,Finance,83548,22,0,3.8,44,0
66,34,Marketing,92450,1,0,2.0,45,0
67,40,HR,108638,13,0,9.7,48,0
68,39,HR,134150,1,0,7.2,35,0
69,23,Sales,40068,39,0,7.6,47,0
70,63,Sales,98384,28,0,8.0,36,0
71,49,IT,40327,7,0,1.9,57,1
72,44,Marketing,36532,15,0,9.0,48,1
73,25,Marketing,131219,27,0,6.9,52,0
74,25,IT,102637,27,0,2.9,54,0
75,33,Finance,148495,2,0,5.1,57,0
76,43,HR,49283,34,0,3.8,53,0
77,47,Sales,142097,27,0,9.4,55,0
78,61,Sales,118272,25,0,5.4,48,0
79,63,HR,134266,25,0,9.2,41,0
80,56,Marketing,68069,20,0,3.8,54,0
81,25,Sales,34142,20,0,9.0,39,0
82,33,Marketing,94424,24,0,7.6,59,0
83,25,IT,77743,15,0,9.3,47,0
84,52,Sales,147411,7,0,3.1,37,1
85,28,Finance,79324,32,0,3.9,56,0
86,31,IT,47581,25,1,9.1,35,0
87,45,Marketing,124065,4,0,1.1,51,0
88,36,Marketing,41390,23,0,2.1,44,0
89,60,Finance,46147,38,0,1.4,49,0
90,41,Finance,112227,2,0,8.2,50,0
91,28,IT,68380,22,1,9.8,42,0
92,34,Marketing,134779,29,0,7.5,41,0
93,49,R&D,91543,9,1,9.3,59,0
94,60,Sales,59891,4,0,9.3,39,0
95,39,Marketing,143739,8,1,7.3,39,0
96,32,HR,78092,39,0,6.5,39,0
97,57,HR,67739,36,0,4.3,43,0
98,57,IT,34531,35,0,5.4,39,0
99,23,HR,141631,24,0,5.6,38,0
100,38,Marketing,79631,26,1,9.5,43,0
101,27,Marketing,103903,8,1,1.3,42,0
102,62,Finance,68038,27,0,9.0,43,0
103,44,IT,57393,37,0,2.4,45,1
104,37,Sales,118389,5,0,7.4,59,0
105,62,Sales,35013,21,0,6.0,36,0
106,47,Sales,111757,25,1,1.3,56,0
107,22,Marketing,119278,7,0,1.8,59,0
108,57,HR,63270,26,0,2.6,57,0
109,51,IT,105889,32,0,4.2,35,0
110,23,R&D,114891,5,0,1.2,44,0
111,41,Finance,44870,38,0,4.4,49,0
112,26,Marketing,142129,18,0,1.4,37,0
113,52,Finance,136448,13,0,7.8,47,0
114,29,Finance,34618,12,0,8.4,58,0
115,51,Marketing,145480,4,0,6.0,48,0
116,60,Finance,38116,5,0,2.6,42,1
117,23,IT,33774,27,0,7.2,53,1
118,34,HR,99094,22,1,2.1,54,0
119,25,R&D,69161,22,0,9.6,35,0
120,29,HR,32214,32,0,2.5,39,0
121,60,Finance,113858,38,0,7.0,38,0
122,46,Finance,141105,13,0,7.7,48,1
123,28,R&D,138202,32,0,6.1,38,0
124,35,HR,147747,39,0,1.5,39,0
125,50,Sales,85287,36,1,8.6,48,0
126,42,Finance,134990,38,1,8.2,50,0
127,58,Sales,92656,15,0,7.3,57,0
128,54,R&D,98026,33,1,2.5,36,0
129,62,Marketing,99031,5,0,2.2,38,1
130,46,Sales,112879,4,0,6.6,38,0
131,35,IT,64698,28,1,2.3,39,0
132,30,Finance,118153,24,0,8.1,51,0
133,36,IT,138300,25,0,4.1,53,0
134,28,HR,122380,36,0,2.3,48,0
135,23,Sales,72863,8,0,3.6,45,1
136,52,Marketing,72430,7,0,3.0,55,0
137,28,HR,113351,37,0,4.4,50,1
138,62,IT,110765,21,0,6.8,43,0
139,32,HR,123294,39,0,7.4,36,0
140,34,R&D,125665,34,0,8.6,57,0
141,34,HR,119958,11,0,6.2,38,1
142,47,HR,42940,36,1,6.1,57,0
143,64,Marketing,99586,23,0,2.6,35,1
144,29,Sales,90445,20,0,1.8,43,0
145,35,IT,146986,6,0,9.5,59,0
146,23,Finance,118757,39,0,3.7,38,1
147,63,HR,74286,7,1,3.8,39,0
148,36,Sales,55846,1,0,9.8,36,0
149,45,IT,41365,19,0,1.1,45,0
150,55,Marketing,122452,21,0,9.3,44,0
151,25,HR,80168,30,0,2.2,53,1
152,39,Finance,93138,23,0,5.7,38,1
153,46,Sales,39901,2,0,1.7,39,1
154,45,Finance,135398,10,0,1.3,37,0
155,27,HR,119681,36,0,6.1,35,0
156,55,R&D,147008,16,0,5.4,35,0
157,59,Sales,96366,27,0,3.2,36,0
158,24,Finance,74650,28,0,6.1,53,0
159,40,Finance,91036,27,0,8.1,46,0
160,57,HR,82365,11,0,7.1,58,0
161,40,Finance,131902,16,0,3.4,55,0
162,49,R&D,104188,9,0,6.5,49,1
163,31,Finance,147737,23,0,3.3,50,0
164,39,HR,102835,6,0,5.9,57,0
165,25,HR,44210,18,0,4.9,57,0
166,33,Finance,43740,37,0,5.4,55,1
167,48,HR,143811,0,0,5.8,46,0
168,50,IT,73122,21,0,3.7,46,1
169,33,HR,91705,16,0,5.2,56,0
170,32,IT,103368,36,0,8.8,41,0
171,25,HR,102323,36,1,8.9,39,0
172,45,IT,48259,25,1,2.2,42,1
173,47,HR,47494,35,1,7.0,35,0
174,49,R&D,145208,38,0,6.1,52,0
175,25,Marketing,85480,15,1,7.2,52,0
176,57,Marketing,111512,7,0,2.8,56,0
177,36,Sales,141535,10,0,5.9,44,0
178,43,HR,129641,33,0,8.5,52,0
179,45,Sales,41260,21,1,7.7,47,1
180,45,R&D,38994,17,0,9.7,56,0
181,58,IT,127677,14,0,8.7,56,0
182,26,Finance,106577,17,0,8.1,37,0
183,27,HR,40669,32,0,8.2,50,0
184,31,R&D,80028,2,0,4.6,43,0
185,24,Sales,58043,14,1,4.6,48,1
186,59,HR,87279,16,0,2.8,39,0
187,55,Marketing,132319,36,0,9.1,52,1
188,27,R&D,64265,14,0,6.0,42,0
189,31,HR,110846,17,1,9.9,54,0
190,37,Finance,133558,27,0,1.6,49,0
191,50,Finance,93833,35,0,8.3,45,0
192,24,R&D,140334,19,0,1.2,41,0
193,32,HR,51443,18,0,7.2,49,0
194,58,Sales,52715,8,1,3.5,38,0
195,25,HR,58796,6,0,8.9,35,0
196,25,Marketing,137505,27,1,5.1,45,1
197,45,R&D,80203,11,0,5.9,57,1
198,49,Sales,31212,17,0,6.5,50,0
199,56,R&D,68179,24,0,8.6,35,0
200,59,Finance,90158,15,0,8.4,54,0
201,45,R&D,39049,30,0,8.0,59,0
202,43,Sales,120524,38,0,8.2,57,0
203,47,Finance,115269,24,0,6.5,52,0
204,39,IT,51781,7,0,1.9,38,0
205,24,HR,138071,34,1,2.6,59,0
206,32,Finance,91541,20,0,7.2,47,0
207,30,HR,102020,12,0,2.7,54,0
208,54,Marketing,101966,20,0,5.3,43,0
209,47,HR,81590,21,0,1.5,42,0
210,57,Marketing,124700,39,0,1.5,40,0
211,25,Finance,47218,5,0,1.5,57,0
212,23,IT,77967,20,1,2.5,54,0
213,29,Finance,102771,5,0,5.4,51,0
214,28,Finance,122341,25,0,4.7,46,0
215,57,Finance,137035,4,0,7.9,46,0
216,55,HR,59384,38,0,5.0,37,0
217,61,Finance,57077,32,0,6.5,58,0
218,40,HR,145964,39,0,3.2,46,0
219,50,Sales,101655,19,0,8.8,48,0
220,60,Marketing,149724,34,0,6.1,45,0
221,27,Marketing,147661,28,0,8.7,54,0
222,31,Sales,67396,3,0,3.2,58,0
223,62,Finance,63076,38,1,9.9,43,0
224,63,HR,54039,5,0,3.3,59,0
225,26,R&D,149917,1,0,6.9,40,0
226,45,HR,126744,11,0,2.4,37,0
227,62,Finance,136619,12,0,1.5,54,1
228,43,Sales,78243,22,1,6.7,40,0
229,47,HR,112223,24,0,8.8,44,0
230,58,HR,74679,36,0,1.7,49,0
231,50,Sales,86159,4,0,5.9,44,0
232,57,IT,132157,26,0,8.7,59,1
233,41,IT,31095,5,0,7.5,45,0
234,39,Finance,109522,23,0,6.4,55,0
235,61,Finance,47491,26,0,6.9,44,0
236,62,Sales,76074,30,0,7.2,51,0
237,36,Marketing,65585,21,0,9.2,39,0
238,36,HR,147316,39,0,3.3,35,0
239,45,HR,44395,18,0,8.4,38,0
240,50,IT,114175,39,0,7.4,52,0
241,38,Marketing,82015,2,0,2.9,45,1
242,46,Marketing,105781,2,0,8.3,41,0
243,37,IT,38442,13,0,2.7,35,0
244,38,IT,142203,21,0,2.1,35,1
245,42,HR,73661,5,0,5.8,53,0
246,48,Finance,137502,22,0,1.0,57,0
247,26,Finance,131771,37,0,8.9,53,0
248,43,Finance,52593,34,0,3.9,55,0
249,54,Finance,80675,9,0,4.9,58,1
250,61,Finance,41245,18,0,3.7,59,0
251,23,R&D,120577,19,0,8.4,37,0
252,56,Sales,92105,0,0,4.8,57,0
253,64,Finance,112205,29,0,7.0,36,1
254,40,HR,99262,3,0,2.6,57,0
255,61,Finance,56980,32,0,1.5,43,0
256,48,HR,41401,39,0,6.2,53,0
257,61,HR,82410,3,0,5.9,57,0
258,57,R&D,78335,9,0,6.8,48,0
259,60,Sales,90909,24,0,8.2,57,0
260,23,Finance,97066,38,1,4.3,50,1
261,62,Finance,66449,21,0,8.7,46,0
262,39,HR,144200,26,0,1.5,50,0
263,44,Finance,121337,29,1,2.3,39,0
264,47,HR,143328,24,0,5.6,35,0
265,32,IT,49851,10,1,5.6,40,0
266,22,IT,100357,9,1,5.1,38,0
267,57,HR,34200,30,0,2.3,35,1
268,41,HR,95138,19,0,7.0,43,0
269,52,Marketing,126154,2,1,4.5,53,0
270,29,IT,40921,19,0,3.5,40,0
271,61,Marketing,45176,7,0,2.7,48,0
272,45,Sales,148689,39,0,9.1,44,0
273,41,R&D,52017,34,0,8.2,47,0
274,36,Marketing,147097,35,0,2.5,45,1
275,51,Sales,149998,7,1,1.1,40,1
276,41,Marketing,101345,26,0,2.1,41,0
277,59,Sales,145298,31,0,2.0,35,0
278,23,Marketing,75747,5,0,7.9,35,0
279,27,R&D,100877,32,0,4.7,40,0
280,63,Sales,101810,39,0,4.3,48,0
281,39,HR,50661,3,0,4.9,42,0
282,57,Marketing,48885,17,0,7.7,41,0
283,35,HR,73626,30,0,7.0,36,0
284,47,Sales,52154,21,1,7.5,59,0
285,55,IT,131876,37,0,6.3,58,0
286,51,Sales,117057,35,1,3.7,48,0
287,28,Finance,76153,7,0,3.7,42,0
288,51,IT,141324,0,1,3.4,53,0
289,39,R&D,131523,3,0,9.4,56,0
290,43,R&D,34102,32,0,2.1,43,0
291,38,HR,50538,9,0,3.5,39,0
292,52,Finance,87912,29,0,8.5,53,0
293,38,Marketing,129185,5,0,9.9,36,0
294,52,HR,106056,12,0,3.0,39,0
295,34,HR,77114,31,0,9.7,44,0
296,48,Sales,51647,24,0,7.6,40,0
297,41,IT,46959,1,0,4.4,47,0
298,38,Sales,144470,20,0,4.1,54,0
299,50,HR,140902,20,0,8.8,50,0
300,60,R&D,120368,19,0,3.5,39,0
301,56,Sales,105818,4,0,3.8,51,0
302,29,Sales,70457,31,0,1.2,49,0
303,64,Marketing,143290,11,1,5.6,40,0
304,59,IT,106039,37,0,2.9,36,0
305,36,Marketing,66634,36,0,9.9,45,0
306,22,Marketing,108571,26,0,2.4,52,0
307,54,Sales,132783,9,0,8.9,56,0
308,24,Marketing,66498,26,0,2.3,57,0
309,60,Sales,102095,22,0,4.6,57,0
310,59,HR,107747,34,0,6.7,35,0
311,36,Marketing,68858,30,0,9.2,39,0
312,63,R&D,91209,39,0,9.0,54,0
313,39,Marketing,30636,23,0,2.8,59,0
314,59,Sales,128682,28,1,2.6,40,0
315,52,Finance,112275,34,1,7.5,52,0
316,41,Sales,90641,15,0,3.2,41,0
317,28,Sales,105794,22,0,9.6,51,0
318,58,Sales,86132,12,0,1.3,47,0
319,48,HR,97663,25,0,2.7,54,0
320,29,HR,74542,1,0,2.0,59,0
321,35,HR,43250,7,0,7.1,45,0
322,36,HR,105892,3,0,1.2,35,0
323,28,Sales,32391,8,0,6.0,59,0
324,54,Finance,52110,2,0,8.0,43,0
325,55,R&D,111831,30,1,2.1,51,0
326,25,Finance,72745,9,1,2.3,44,0
327,22,R&D,41828,2,0,2.4,35,0
328,62,HR,63776,5,0,2.2,51,0
329,35,Marketing,55622,39,1,7.7,52,0
330,52,R&D,134194,22,0,4.0,59,0
331,59,Marketing,99722,34,0,5.7,53,0
332,41,Marketing,40486,5,0,1.2,55,0
333,24,Marketing,34956,11,0,8.2,41,1
334,56,R&D,127116,30,0,1.1,48,0
335,54,Finance,115831,35,0,9.7,42,0
336,36,IT,123065,12,1,9.7,48,0
337,24,R&D,53030,12,0,1.3,48,0
338,49,IT,84510,25,0,1.7,52,0
339,48,IT,35784,1,0,5.9,45,0
340,54,Sales,55536,21,0,4.1,41,0
341,40,Finance,83885,8,0,6.7,44,0
342,54,Marketing,147317,27,0,6.9,48,0
343,52,Finance,55862,9,0,1.2,49,0
344,25,Marketing,99455,21,0,3.0,51,0
345,53,Finance,52577,17,0,7.1,41,0
346,63,Finance,37897,17,0,2.8,59,1
347,49,HR,145620,27,0,1.4,41,1
348,37,Sales,67157,28,1,5.8,42,1
349,64,IT,117921,26,0,2.4,52,0
350,49,IT,119144,10,1,9.1,39,0
351,36,Marketing,46533,3,1,8.5,53,0
352,43,R&D,90404,36,0,7.8,40,0
353,52,Finance,49239,26,0,8.5,59,0
354,42,Marketing,57485,39,0,8.2,52,0
355,53,IT,64331,2,0,8.1,44,0
356,28,Finance,72253,26,0,10.0,50,0
357,54,Marketing,107360,22,1,7.8,54,0
358,29,R&D,70511,1,0,5.4,49,0
359,35,Marketing,102982,2,0,7.0,57,0
360,46,IT,144245,39,0,2.2,41,0
361,53,HR,42738,29,0,1.4,46,0
362,49,IT,34032,12,0,3.5,35,0
363,23,Marketing,88097,7,0,5.3,35,0
364,38,HR,62732,18,1,2.6,35,0
365,48,IT,142784,24,0,8.0,50,1
366,23,R&D,36322,7,0,9.1,47,0
367,29,R&D,104541,35,0,2.9,44,0
368,59,IT,85717,28,0,7.7,55,0
369,41,R&D,64110,32,0,3.4,43,0
370,58,HR,112721,25,0,4.1,44,0
371,42,Sales,138101,21,0,3.4,38,0
372,47,IT,79546,4,0,2.9,41,1
373,52,Marketing,116649,34,0,3.5,46,0
374,41,Finance,47298,0,0,4.3,48,1
375,27,IT,36466,35,0,2.7,43,0
376,36,Finance,38187,26,1,8.8,56,0
377,22,IT,57568,20,0,1.5,36,0
378,47,R&D,109922,10,0,7.0,35,0
379,50,R&D,122662,1,0,5.1,46,0
380,23,Marketing,38424,1,0,5.9,56,0
381,43,HR,50876,10,0,9.1,49,1
382,50,HR,49447,8,0,2.6,56,0
383,30,IT,92058,1,0,3.4,58,0
384,62,R&D,41842,35,0,4.7,38,1
385,42,HR,44948,3,0,3.1,48,0
386,53,Sales,120544,14,0,8.2,39,0
387,53,R&D,96528,17,0,2.6,51,1
388,61,HR,59320,26,1,6.1,43,0
389,47,R&D,54271,29,1,1.5,44,0
390,34,HR,131946,7,1,1.8,53,0
391,24,R&D,49197,18,1,1.1,36,1
392,53,IT,62553,19,0,6.3,59,0
393,54,Finance,133133,30,1,5.9,47,0
394,54,HR,32187,28,0,5.4,35,0
395,63,HR,90822,17,1,3.7,45,0
396,63,R&D,35155,20,1,5.8,41,0
397,34,IT,40531,32,0,5.4,57,0
398,64,Finance,110082,9,1,6.9,49,1
399,27,IT,92023,12,0,4.0,52,0
400,25,Marketing,141794,13,0,3.1,54,1
401,59,Marketing,95493,16,1,7.5,57,0
402,27,Finance,147875,17,0,7.3,35,0
403,24,Finance,71826,32,0,2.4,59,0
404,48,Finance,146560,11,0,7.5,41,0
405,61,Finance,62716,33,0,6.9,45,0
406,41,Sales,55151,8,0,9.2,57,1
407,39,Marketing,67047,30,0,7.4,52,0
408,41,HR,58958,31,0,9.5,53,0
409,51,R&D,81270,1,0,7.8,44,0
410,31,Sales,68860,6,0,1.7,39,0
411,44,Marketing,66230,1,1,8.4,51,1
412,24,Marketing,75671,28,0,3.2,40,0
413,30,Sales,83945,17,1,7.2,52,0
414,40,Finance,100349,24,1,5.7,51,0
415,57,Finance,123391,38,0,8.6,56,0
416,61,Marketing,104699,29,0,1.9,59,0
417,48,Marketing,34526,25,0,7.0,47,0
418,63,Marketing,122393,16,0,4.0,50,0
419,49,Sales,143330,6,0,3.7,39,0
420,64,Finance,99857,30,0,2.7,35,0
421,29,HR,35134,10,0,4.3,43,0
422,63,Sales,118995,32,0,1.0,52,0
423,29,Sales,123507,14,0,7.9,51,1
424,39,Marketing,145340,18,0,5.3,54,0
425,42,HR,136942,33,0,7.7,55,1
426,34,R&D,133767,33,0,3.7,51,0
427,48,Finance,49942,15,0,7.4,41,0
428,61,Finance,43044,27,0,7.0,46,0
429,37,Finance,56607,29,0,8.3,50,0
430,61,IT,67248,38,0,3.5,59,0
431,30,R&D,103877,0,0,9.7,52,0
432,48,Marketing,115888,20,1,5.7,38,0
433,38,R&D,107133,1,0,3.9,48,0
434,24,HR,57269,11,0,5.1,44,1
435,25,HR,72336,12,0,9.2,59,0
436,61,Marketing,122765,37,0,6.4,53,0
437,22,HR,79941,13,1,6.8,49,0
438,35,Marketing,124252,9,0,8.8,42,0
439,29,Marketing,86712,38,1,2.1,53,0
440,28,Sales,146608,30,1,3.9,55,0
441,51,Finance,101964,13,0,7.8,41,0
442,46,R&D,85614,1,0,7.6,50,0
443,60,Sales,129336,36,0,9.9,44,0
444,37,Marketing,82054,10,0,4.8,59,0
445,32,IT,113834,36,0,1.6,45,0
446,46,IT,59652,31,0,7.0,46,0
447,54,Marketing,79494,19,0,7.4,48,0
448,42,IT,31413,11,0,6.6,39,0
449,31,R&D,148375,6,0,6.1,56,1
450,30,Sales,113367,5,0,3.5,57,0
451,22,R&D,134429,37,1,3.9,48,0
452,55,HR,82238,35,0,9.5,38,0
453,52,Sales,127994,6,0,6.9,45,1
454,42,Finance,30140,31,0,4.7,51,0
455,45,Sales,31319,32,1,7.6,56,0
456,40,R&D,133966,35,0,5.3,38,0
457,42,Sales,143093,27,1,5.7,36,1
458,46,Finance,129386,13,0,9.2,42,0
459,41,Marketing,51409,3,0,8.8,38,0
460,47,Finance,47437,11,0,2.5,51,0
461,28,R&D,31324,17,0,6.9,58,0
462,24,Finance,124256,9,0,9.4,52,0
463,61,IT,97646,11,0,8.5,38,0
464,29,R&D,55291,1,0,4.4,40,0
465,51,Finance,142458,35,0,5.5,43,0
466,32,Finance,60972,9,0,7.8,50,0
467,29,IT,79978,29,1,9.3,50,1
468,58,R&D,52405,16,0,6.3,41,0
469,38,Marketing,133166,21,0,4.1,35,0
470,29,HR,143338,36,1,5.3,54,0
471,51,Marketing,139302,11,1,8.8,52,0
472,64,Marketing,114233,32,0,6.0,43,0
473,64,Finance,126577,31,0,4.7,41,0
474,37,HR,122070,15,0,5.0,57,0
475,25,IT,130512,22,0,2.7,49,1
476,42,Marketing,51738,25,1,7.1,40,0
477,55,HR,127973,14,0,4.3,40,0
478,61,Finance,143607,30,0,4.0,57,0
479,56,HR,127779,36,0,8.3,43,0
480,34,R&D,42204,9,1,6.2,52,0
481,64,Finance,59089,20,0,5.9,57,0
482,48,Sales,76030,38,0,2.7,54,0
483,29,R&D,139544,35,0,8.0,41,0
484,62,Sales,83882,23,0,9.1,53,0
485,63,Finance,99278,6,1,5.3,55,0
486,50,Marketing,32997,23,0,9.6,36,0
487,37,R&D,84219,19,0,5.9,35,1
488,64,Marketing,106769,4,0,2.9,38,0
489,26,HR,63924,4,0,1.4,41,0
490,58,Finance,98842,15,0,7.5,43,1
491,61,Finance,110730,19,0,4.7,52,0
492,61,R&D,114326,23,0,8.8,45,0
493,63,IT,125938,3,1,7.8,53,0
494,31,HR,37120,4,1,3.2,46,0
495,36,IT,108777,8,1,3.7,43,0
496,42,IT,71748,18,1,1.8,52,0
497,55,Sales,138420,34,0,7.5,53,0
498,43,IT,133099,7,0,8.4,54,0
499,43,Finance,110326,27,0,5.3,51,0
500,30,R&D,111669,23,0,6.5,43,0
501,47,Marketing,109088,32,0,2.7,42,0
502,34,IT,69600,19,0,9.7,46,0
503,39,Sales,114843,26,0,3.9,57,1
504,22,IT,125774,20,0,7.6,53,0
505,44,Marketing,117846,24,1,6.0,40,0
506,54,R&D,96129,38,1,6.2,46,0
507,52,IT,110575,11,0,9.8,57,0
508,42,HR,73800,26,0,9.6,43,0
509,44,Marketing,70248,9,0,3.4,38,0
510,37,IT,141443,0,1,6.7,40,0
511,48,Finance,122258,17,0,2.6,57,0
512,58,Finance,99514,3,0,7.8,46,0
513,59,Marketing,53676,18,0,6.4,52,1
514,35,Marketing,78430,15,0,9.3,50,0
515,58,Marketing,128935,5,0,7.2,50,0
516,28,Marketing,60003,3,1,5.4,43,0
517,33,Finance,114754,37,0,3.6,55,0
518,49,Sales,86114,1,0,2.5,58,0
519,24,Sales,40285,12,0,3.3,55,0
520,43,Sales,71472,3,0,8.4,42,0
521,42,Marketing,64708,12,0,9.4,45,0
522,50,R&D,54881,15,0,8.6,40,1
523,41,HR,59910,16,0,8.4,41,0
524,24,Finance,62483,27,0,3.8,49,0
525,48,Sales,66583,33,0,6.8,36,0
526,42,Marketing,146423,21,0,6.1,35,0
527,62,Sales,49338,25,1,8.1,42,0
528,54,HR,33812,34,0,7.0,47,0
529,51,Sales,138409,23,0,1.2,38,0
530,60,Finance,138881,19,0,6.5,37,0
531,62,Finance,129272,14,1,1.6,52,0
532,30,Marketing,126122,11,0,6.9,42,0
533,59,Sales,97041,31,1,4.0,39,0
534,44,R&D,44246,25,0,7.8,54,0
535,44,Marketing,109009,5,0,6.7,41,0
536,22,R&D,140560,21,0,6.0,51,0
537,42,IT,92843,18,1,8.5,46,0
538,53,IT,89786,12,0,5.4,49,0
539,47,IT,44028,29,0,9.0,35,1
540,54,HR,89456,22,0,8.6,54,1
541,30,Sales,101272,20,0,1.5,58,0
542,38,Sales,55297,26,0,9.1,44,0
543,27,Marketing,48674,5,1,6.6,59,1
544,28,R&D,109118,24,0,9.7,52,0
545,28,R&D,133388,17,0,7.6,57,0
546,58,Marketing,97898,33,0,8.1,42,1
547,26,IT,35608,28,0,5.8,37,0
548,54,R&D,80821,22,0,9.7,45,0
549,31,Sales,108709,0,1,7.3,48,0
550,38,HR,60808,30,0,4.8,35,1
551,61,R&D,71046,0,0,1.6,52,0
552,49,Sales,139666,6,0,9.8,41,0
553,43,IT,35981,36,0,8.9,58,0
554,42,HR,118915,36,0,6.7,46,0
555,53,IT,136665,29,0,6.0,42,0
556,53,Sales,126818,34,1,6.5,41,0
557,57,IT,99074,3,0,8.9,37,0
558,52,Finance,88942,4,0,9.3,35,0
559,27,Marketing,112832,16,0,3.6,37,0
560,42,Sales,95676,23,0,3.7,53,0
561,56,IT,62921,0,1,1.4,58,0
562,35,Marketing,104298,9,1,9.9,36,0
563,44,Marketing,64610,10,0,9.7,55,0
564,63,IT,110802,37,1,8.1,51,0
565,45,IT,142698,38,1,5.0,46,0
566,51,Marketing,76975,31,1,6.1,41,0
567,31,Sales,70788,2,0,8.0,58,0
568,26,Sales,30584,19,0,3.0,51,0
569,63,Finance,123686,3,0,3.0,49,0
570,51,IT,125742,13,0,6.1,45,0
571,28,HR,78098,27,0,7.1,38,0
572,27,R&D,145006,6,1,5.6,41,1
573,29,IT,34971,32,0,3.7,43,0
574,47,Marketing,78034,21,0,4.5,51,0
575,39,HR,91459,3,0,6.3,42,0
576,57,HR,74294,27,0,1.5,40,0
577,47,Finance,134622,26,1,9.8,45,0
578,57,R&D,116083,16,0,9.7,46,0
579,62,R&D,94680,7,0,8.6,35,0
580,25,HR,36962,38,0,4.3,50,0
581,34,Finance,50438,33,0,7.0,47,0
582,45,Sales,138489,23,0,6.8,48,0
583,52,Finance,99032,22,1,4.7,57,1
584,43,Marketing,35492,28,0,8.9,59,1
585,61,IT,31315,20,0,6.0,42,0
586,39,HR,76271,16,0,1.3,54,0
587,55,R&D,53114,0,0,3.7,59,0
588,44,R&D,49515,1,0,7.7,46,0
589,60,R&D,115791,32,1,8.7,47,0
590,58,HR,32847,18,0,6.5,41,0
591,22,R&D,123023,19,0,6.9,51,0
592,63,Sales,43809,6,0,8.1,54,0
593,41,Finance,136724,29,0,4.8,59,0
594,46,Sales,108946,23,0,2.2,58,0
595,27,Finance,79337,36,1,3.6,41,0
596,51,Marketing,74854,20,0,5.4,40,0
597,41,Marketing,39419,33,0,7.4,42,0
598,30,Sales,138037,22,0,4.3,53,0
599,39,HR,98943,19,1,3.1,36,0
600,61,Marketing,105240,5,0,4.8,52,0
601,24,Finance,102742,7,0,8.3,50,0
602,57,Marketing,35415,38,0,6.6,56,0
603,27,HR,42067,14,1,5.3,46,0
604,59,Marketing,68902,7,0,3.4,42,0
605,22,IT,122808,10,0,3.4,52,0
606,40,IT,100183,30,0,3.2,50,0
607,59,Sales,54854,25,0,6.3,46,0
608,49,IT,41044,14,0,2.1,41,0
609,30,IT,138333,0,0,8.3,55,0
610,31,HR,106142,13,0,5.3,38,0
611,45,Marketing,105671,31,0,9.6,57,0
612,47,Sales,85580,24,0,3.2,42,1
613,29,R&D,117223,37,0,7.1,38,1
614,26,Finance,50307,37,0,4.4,54,0
615,34,R&D,70747,22,0,9.8,47,0
616,43,HR,136184,10,0,6.7,55,0
617,55,Sales,41344,28,0,7.2,56,0
618,46,IT,131880,7,1,2.3,59,1
619,44,IT,65440,22,0,4.3,58,0
620,62,Finance,79885,11,0,7.4,45,1
621,42,R&D,146180,5,0,4.0,54,0
622,24,IT,55349,6,0,8.0,47,0
623,29,Sales,86201,31,1,7.6,41,0
624,60,IT,78268,14,0,1.9,53,0
625,60,R&D,139306,39,1,2.1,47,0
626,43,IT,127932,34,0,2.1,40,0
627,32,Sales,82156,15,0,1.3,48,0
628,44,Finance,106836,36,0,3.9,37,0
629,37,Sales,38908,8,0,7.1,55,0
630,49,IT,70307,11,0,5.5,35,0
631,56,Finance,32548,36,0,2.2,45,0
632,63,Marketing,128762,13,1,6.0,53,0
633,50,HR,77627,23,0,9.1,47,1
634,59,Sales,47718,5,0,1.4,53,0
635,27,Sales,31147,17,0,4.8,36,0
636,35,R&D,92123,19,0,2.5,38,0
637,50,Marketing,120490,28,0,1.3,56,0
638,49,R&D,35755,33,0,1.4,42,0
639,31,R&D,133372,11,0,5.8,46,0
640,25,R&D,68097,1,0,5.7,56,0
641,45,Marketing,103530,11,0,3.6,42,0
642,23,R&D,73590,18,0,7.0,44,0
643,50,IT,65340,9,0,3.5,53,0
644,46,Sales,124328,26,0,3.9,48,0
645,52,HR,102550,19,0,1.0,41,0
646,36,Finance,74899,34,1,2.1,53,0
647,59,HR,76599,17,0,4.7,37,0
648,54,Marketing,65773,38,0,5.2,41,0
649,29,Marketing,142777,16,0,2.7,45,0
650,61,HR,120631,24,0,8.1,50,0
651,37,IT,119464,19,0,5.9,49,0
652,59,Sales,42069,23,1,7.3,52,1
653,62,IT,51296,25,1,3.9,39,0
654,55,HR,94008,38,0,6.2,42,1
655,27,Finance,56840,24,0,2.8,54,0
656,60,HR,65488,6,0,4.4,47,0
657,61,Sales,89320,16,0,6.2,55,0
658,44,Sales,62190,27,0,3.5,41,0
659,42,Finance,93664,37,0,3.0,37,1
660,56,Marketing,70849,19,0,5.6,39,0
661,50,Finance,63109,33,0,6.6,57,1
662,56,Marketing,50406,37,0,7.9,58,0
663,23,IT,91158,10,0,8.0,49,0
664,54,HR,69727,29,1,2.7,41,1
665,47,Finance,42773,2,0,1.6,59,1
666,53,IT,34807,14,0,6.5,53,0
667,39,Marketing,135847,14,0,9.5,59,0
668,55,R&D,34992,2,1,9.3,37,0
669,51,Sales,48248,10,0,7.9,54,0
670,44,HR,79027,34,0,3.0,51,0
671,41,HR,60099,21,0,3.1,50,0
672,44,R&D,111790,17,1,6.0,56,1
673,61,Finance,47407,38,1,3.3,53,0
674,29,HR,146219,18,1,6.9,49,0
675,35,HR,51480,39,0,8.5,56,1
676,44,R&D,145326,16,0,3.6,44,0
677,35,Marketing,30073,0,0,9.1,44,1
678,23,Sales,46459,34,0,4.9,48,0
679,25,Marketing,84490,24,0,4.9,55,0
680,45,R&D,51973,8,0,7.0,44,0
681,57,IT,147281,13,0,8.3,38,0
682,30,Sales,117272,14,0,7.4,40,0
683,37,Finance,81675,18,0,5.8,41,0
684,53,IT,73050,23,0,8.5,37,0
685,53,HR,111803,31,0,9.5,42,0
686,48,Sales,113262,15,1,9.4,36,0
687,36,IT,119292,10,0,3.7,46,0
688,25,Finance,103085,10,0,4.5,57,0
689,57,IT,69647,22,0,8.0,49,0
690,46,IT,39202,39,0,7.3,53,0
691,36,HR,145549,19,0,7.3,41,0
692,33,Sales,102861,38,0,8.1,42,1
693,28,Marketing,69658,2,0,7.3,47,0
694,57,HR,57925,37,0,3.5,50,0
695,45,Sales,145042,17,0,6.1,56,0
696,27,IT,58196,39,0,4.1,47,1
697,62,R&D,108626,23,0,3.7,42,0
698,52,R&D,108590,19,0,3.8,38,0
699,42,HR,140763,13,0,4.6,36,1
700,32,Marketing,37148,20,1,4.8,49,0
701,37,Marketing,76567,20,0,3.6,46,0
702,35,Sales,149293,10,0,6.8,44,0
703,46,R&D,133987,34,1,7.9,53,0
704,35,IT,93164,35,0,6.0,46,1
705,59,Marketing,122114,8,0,6.9,42,0
706,39,Marketing,76412,1,0,2.9,45,0
707,35,R&D,71719,18,0,7.2,35,1
708,45,IT,123264,33,0,9.9,45,0
709,29,Sales,45426,8,0,4.2,37,1
710,46,Sales,39714,18,0,2.8,37,0
711,55,Finance,83523,16,0,3.6,37,0
712,49,Sales,69872,17,0,3.0,39,0
713,45,Sales,43037,36,0,6.2,57,0
714,39,R&D,85769,18,0,9.5,35,0
715,55,Finance,115530,36,0,1.5,55,0
716,63,Sales,99498,26,0,8.5,35,0
717,24,R&D,49624,21,0,4.3,49,0
718,33,Marketing,134897,18,0,4.2,38,0
719,57,R&D,77318,7,0,4.4,53,0
720,26,HR,57729,9,1,6.5,42,0
721,40,HR,32110,25,0,2.4,56,0
722,33,Marketing,41623,8,1,9.3,55,0
723,48,IT,142914,4,0,4.5,59,0
724,38,Finance,82117,6,0,7.5,45,0
725,64,HR,38124,36,1,9.8,41,0
726,49,R&D,129831,22,0,6.5,41,0
727,61,Finance,47646,37,0,8.5,57,0
728,43,Marketing,143092,27,0,3.0,49,0
729,31,IT,91334,34,0,2.0,57,0
730,62,HR,93147,31,0,4.5,49,0
731,27,Finance,75790,9,0,4.1,49,0
732,38,IT,57598,13,0,2.0,39,0
733,33,Sales,85195,0,1,5.5,46,0
734,27,Sales,144328,10,1,7.9,47,0
735,64,Sales,67085,3,0,3.0,45,0
736,43,HR,72415,36,0,4.2,49,1
737,37,IT,93172,5,0,1.3,50,0
738,25,Finance,118587,27,0,5.2,50,0
739,46,HR,99738,16,0,9.5,50,0
740,54,IT,138782,20,0,2.5,58,0
741,22,R&D,76617,5,0,2.0,50,0
742,36,R&D,149350,20,0,2.1,53,0
743,38,HR,74071,21,0,5.8,56,0
744,64,IT,149658,9,0,4.3,57,0
745,40,R&D,129737,3,1,7.5,38,0
746,40,IT,136979,16,0,8.5,54,0
747,41,R&D,31789,19,0,1.6,44,0
748,22,IT,120311,14,1,9.8,51,0
749,44,HR,107911,25,1,5.9,41,0
750,37,Finance,81199,36,0,7.3,40,0
751,45,HR,111680,21,0,9.1,53,0
752,41,Finance,86054,38,0,3.6,45,0
753,36,Finance,88997,6,0,5.1,51,0
754,45,Marketing,117224,15,0,9.3,57,1
755,58,R&D,51289,22,0,3.9,35,0
756,62,Sales,112343,2,0,9.6,50,1
757,54,Marketing,95891,4,1,6.8,54,0
758,53,Sales,44257,8,0,6.9,50,1
759,52,R&D,100178,14,0,1.8,45,1
760,36,HR,149448,25,0,4.5,49,0
761,22,Sales,41019,13,0,3.2,50,0
762,33,HR,102770,32,0,5.4,36,0
763,56,Marketing,131030,25,0,7.9,54,0
764,58,Marketing,77113,2,0,7.6,49,0
765,51,HR,36880,19,0,7.4,50,0
766,47,IT,83277,18,1,3.3,53,0
767,32,R&D,78923,38,0,7.3,43,1
768,53,IT,90002,4,1,5.3,45,0
769,23,Marketing,135489,30,0,5.4,54,0
770,31,R&D,87096,19,0,6.6,52,1
771,43,IT,102204,36,0,2.3,36,1
772,30,Sales,109122,20,0,9.4,35,0
773,51,IT,134013,16,0,6.6,40,0
774,46,HR,131148,8,0,4.2,45,0
775,42,Sales,90895,18,1,6.2,52,0
776,39,HR,75303,35,1,7.1,42,0
777,41,Sales,79454,17,0,8.8,59,1
778,61,Marketing,126088,30,0,5.6,44,0
779,37,R&D,96391,15,0,7.2,41,0
780,60,Finance,149400,16,0,3.8,44,0
781,56,Sales,53522,24,0,4.5,42,1
782,50,Marketing,56712,23,1,1.7,44,0
783,51,Finance,135387,15,0,6.9,51,0
784,24,Marketing,59008,25,0,6.9,54,0
785,53,R&D,70899,32,0,1.6,46,1
786,35,R&D,65388,37,0,4.6,36,0
787,47,Sales,56955,23,0,1.9,56,0
788,26,Marketing,141072,2,0,6.1,58,0
789,49,Marketing,33795,23,1,4.2,48,0
790,29,R&D,92335,29,0,7.9,55,0
791,54,HR,121513,7,1,4.8,42,0
792,57,R&D,123279,17,0,9.9,35,0
793,34,HR,34423,4,0,7.4,54,0
794,41,HR,67209,9,0,3.3,55,0
795,39,IT,114478,5,0,2.1,48,0
796,41,HR,76101,8,0,7.5,42,1
797,64,Finance,129178,5,0,4.0,51,0
798,54,Finance,88019,29,0,1.7,47,0
799,42,R&D,61411,35,1,6.2,53,1
800,45,Sales,45445,14,0,1.9,38,0
801,49,Marketing,55024,9,0,3.2,43,0
802,26,R&D,133316,16,0,5.2,39,0
803,51,Sales,44771,6,0,8.0,38,0
804,64,HR,140583,19,0,4.8,57,0
805,45,IT,85081,20,0,3.7,42,0
806,60,R&D,92011,8,0,2.7,41,0
807,35,Finance,41032,9,0,4.4,42,0
808,57,Marketing,95145,2,0,1.3,37,1
809,57,HR,67569,27,1,4.3,55,0
810,47,IT,105579,9,0,3.4,44,0
811,34,IT,34199,35,0,2.0,48,1
812,61,HR,76053,6,0,2.5,39,0
813,42,R&D,96203,27,0,9.4,54,0
814,47,HR,95495,37,0,4.3,50,0
815,55,HR,82270,4,0,7.3,46,0
816,61,Finance,101904,38,0,9.2,48,0
817,35,R&D,108914,20,1,2.1,53,0
818,42,Sales,140941,4,0,6.4,38,0
819,64,HR,61238,37,0,9.2,57,0
820,40,R&D,49711,33,1,9.5,50,0
821,33,Finance,50454,18,1,4.9,54,0
822,57,HR,92328,26,0,4.6,40,0
823,51,Finance,93487,28,0,9.7,59,1
824,54,HR,33820,25,0,7.6,44,1
825,44,Marketing,138801,33,0,8.8,53,0
826,62,Marketing,145504,25,0,8.0,53,0
827,34,HR,77586,4,0,7.0,41,0
828,49,Marketing,104079,27,0,4.6,42,0
829,49,HR,36422,5,0,4.6,41,0
830,40,Finance,69639,38,0,7.2,56,0
831,58,R&D,132103,15,0,8.5,43,0
832,52,HR,132507,9,0,1.6,43,0
833,63,Finance,48705,10,0,8.8,55,0
834,60,Finance,97940,29,0,5.8,52,1
835,38,HR,124369,27,1,5.9,44,0
836,49,R&D,94163,17,0,8.0,43,0
837,25,Sales,61605,18,0,8.5,47,0
838,27,HR,133176,17,1,3.0,47,0
839,40,HR,115851,34,0,8.2,37,0
840,44,IT,33912,21,0,1.3,58,0
841,61,R&D,116091,33,0,7.4,48,0
842,63,Sales,30251,20,1,6.1,58,1
843,27,HR,134442,38,0,7.5,37,0
844,45,HR,81016,38,0,8.6,48,0
845,43,Finance,43419,39,0,9.7,46,0
846,42,R&D,148437,37,1,5.2,54,0
847,35,Sales,30060,29,1,5.7,47,0
848,45,Sales,133287,10,0,4.1,53,0
849,46,IT,122183,11,0,3.5,50,0
850,38,R&D,59282,11,1,6.3,44,0
851,56,HR,88514,25,0,4.3,48,0
852,38,Marketing,48846,21,1,4.8,36,0
853,49,R&D,40664,31,0,1.9,49,0
854,23,IT,75049,27,0,2.0,59,0
855,55,Sales,63554,25,1,9.2,43,0
856,22,IT,139571,28,0,2.6,50,0
857,24,HR,109918,39,0,8.5,38,0
858,43,HR,101862,39,0,7.4,42,0
859,63,Sales,32504,27,1,4.9,48,0
860,25,Sales,36715,10,0,2.9,51,0
861,36,HR,35970,23,0,1.5,49,1
862,57,Finance,125840,5,0,8.8,41,1
863,60,Marketing,143873,34,1,7.1,40,0
864,33,Sales,64585,31,0,2.7,48,0
865,58,R&D,59245,38,0,1.6,49,0
866,62,IT,111395,24,0,9.3,55,0
867,28,IT,141014,7,0,3.5,56,0
868,52,R&D,38096,1,1,3.4,49,0
869,26,Sales,108413,1,0,6.6,45,0
870,48,Marketing,148963,28,1,5.7,42,0
871,46,Marketing,81710,17,0,3.3,49,0
872,38,R&D,110161,30,0,2.9,36,0
873,49,HR,48326,3,0,9.1,43,0
874,48,Sales,60662,10,1,3.7,38,0
875,47,Sales,45819,12,0,1.6,43,1
876,50,HR,137589,24,0,6.6,59,0
877,48,HR,134580,30,0,8.8,36,0
878,38,HR,72119,1,0,1.4,43,0
879,59,IT,86193,1,0,2.5,39,0
880,37,R&D,37780,13,0,3.0,44,0
881,30,Marketing,69121,4,1,7.2,38,1
882,53,IT,56418,10,1,3.6,39,0
883,22,Marketing,31670,38,0,8.8,43,0
884,30,Sales,36173,14,0,3.1,35,0
885,28,Finance,114585,30,1,6.2,39,0
886,58,Sales,103409,31,0,1.5,38,0
887,61,Sales,97072,11,0,8.0,56,0
888,27,Finance,86206,1,1,9.9,38,1
889,58,IT,53765,31,1,7.1,48,0
890,60,Sales,137828,22,0,6.6,38,0
891,25,Finance,84118,20,0,3.5,48,1
892,58,Marketing,47075,0,0,7.6,55,0
893,31,Marketing,115295,31,0,5.5,57,0
894,31,HR,60881,34,1,2.9,38,0
895,56,Sales,50477,39,0,7.4,46,0
896,29,Marketing,78986,32,0,6.1,55,0
897,44,Sales,47654,28,0,9.3,52,0
898,28,R&D,64033,9,0,5.1,57,0
899,23,IT,128034,30,1,9.3,42,0
900,59,R&D,94020,34,0,8.2,49,0
901,41,HR,96515,21,1,2.5,50,0
902,52,R&D,145129,24,0,6.2,53,0
903,51,Sales,126571,21,0,7.6,55,0
904,46,Marketing,144883,20,0,1.3,43,1
905,31,IT,33025,8,0,2.0,58,0
906,38,HR,111272,19,0,9.2,54,0
907,30,HR,142929,4,0,4.7,44,0
908,64,IT,80376,9,0,9.5,47,0
909,53,Marketing,73304,27,0,3.5,49,0
910,45,HR,65172,12,0,6.7,35,0
911,37,Marketing,115375,7,0,4.9,51,0
912,33,Finance,52503,39,0,9.2,53,0
913,56,HR,66900,18,0,7.7,41,0
914,64,Marketing,37080,22,0,4.8,58,0
915,38,Sales,124949,15,0,7.8,52,0
916,50,HR,113575,1,0,7.8,49,0
917,57,R&D,66425,22,0,1.1,37,0
918,56,Finance,51286,10,1,6.6,42,0
919,25,HR,146532,5,0,1.5,58,0
920,28,Marketing,54942,29,0,8.0,54,0
921,40,Finance,123772,4,0,1.1,57,0
922,49,IT,32084,10,0,8.4,49,0
923,62,IT,99446,4,1,7.1,56,0
924,43,Marketing,30965,22,0,9.9,49,0
925,42,Sales,134338,31,0,2.3,47,1
926,26,Finance,129694,6,0,5.1,57,0
927,53,R&D,149320,12,0,4.8,35,0
928,22,HR,115577,17,0,2.7,37,0
929,41,HR,88837,9,1,4.7,55,0
930,49,Marketing,128940,22,0,3.0,44,1
931,58,HR,145135,23,0,1.2,51,0
932,33,Finance,140438,3,0,5.0,52,0
933,39,Marketing,70766,21,0,4.3,45,0
934,26,Marketing,134922,6,0,5.6,44,0
935,52,Finance,34182,7,0,4.9,46,0
936,23,Marketing,62529,38,0,9.3,51,0
937,30,IT,95713,30,0,3.3,35,1
938,23,HR,93553,16,0,8.9,39,0
939,39,IT,69711,18,1,2.2,58,1
940,56,Finance,105593,7,0,5.1,55,0
941,46,Marketing,76105,27,1,1.8,59,0
942,37,Marketing,103590,34,0,6.7,47,0
943,62,Marketing,42852,17,0,9.0,38,0
944,41,HR,96943,26,0,6.5,45,0
945,25,IT,124842,32,0,7.2,42,0
946,53,Finance,60175,4,0,5.6,49,1
947,41,HR,34446,30,0,5.0,41,0
948,60,R&D,107769,23,0,9.8,47,0
949,36,R&D,102433,27,0,9.8,50,0
950,39,R&D,60304,5,0,7.0,46,0
951,28,Finance,86995,19,0,8.4,45,0
952,24,Finance,121633,24,0,8.8,56,0
953,29,R&D,109882,30,0,3.0,49,0
954,50,Marketing,42128,21,0,8.2,39,0
955,29,IT,40745,38,0,2.2,38,1
956,22,Finance,86923,4,0,6.7,36,0
957,64,Sales,96815,16,0,9.4,39,0
958,42,Sales,71229,1,0,6.4,42,0
959,60,R&D,101315,38,1,4.1,56,0
960,23,IT,49879,6,0,8.8,35,0
961,55,Finance,102843,23,0,5.0,48,0
962,42,HR,31056,24,0,8.5,58,0
963,54,HR,70710,18,0,5.8,50,0
964,60,R&D,44933,5,0,2.4,36,0
965,61,Finance,47103,23,0,3.1,35,0
966,28,R&D,77888,16,0,8.0,46,0
967,36,HR,74766,39,0,9.8,53,0
968,30,Sales,131181,13,1,9.5,50,0
969,51,Sales,60530,32,1,5.5,42,0
970,38,Marketing,41704,6,1,2.7,44,0
971,59,Sales,142470,19,0,1.7,37,0
972,62,HR,100722,16,0,5.0,44,0
973,60,R&D,138987,10,1,1.2,55,0
974,42,HR,35348,7,0,9.0,39,0
975,24,Finance,44523,13,0,6.8,55,0
976,58,HR,117048,34,0,7.6,37,0
977,38,Marketing,136414,19,0,3.7,51,0
978,38,Sales,126985,33,0,6.9,52,0
979,32,Finance,80648,16,1,1.9,41,1
980,31,Sales,61122,17,0,3.4,39,0
981,22,HR,132308,33,0,8.6,50,0
982,31,Marketing,85269,27,0,4.3,51,0
983,46,HR,34656,18,0,2.7,54,0
984,37,Finance,66358,22,0,3.0,58,0
985,59,Finance,39103,5,1,6.8,48,0
986,53,IT,147999,4,0,6.3,43,0
987,46,IT,70760,30,0,1.9,51,0
988,34,Sales,51365,6,0,8.8,48,0
989,64,HR,57717,7,0,9.1,59,0
990,37,Sales,55767,4,0,2.2,36,0
991,62,IT,97217,33,0,4.1,35,0
992,41,IT,96683,13,1,7.5,35,1
993,49,HR,116298,29,0,5.0,39,0
994,29,Marketing,48378,9,0,4.2,52,0
995,52,Sales,94363,31,0,9.6,42,0
996,49,HR,100654,13,0,3.9,57,0
997,50,IT,51520,9,0,8.3,46,0
998,63,Sales,147375,10,0,4.3,51,0
999,55,Finance,54068,26,0,5.6,53,0
1000,58,Finance,126423,2,1,9.6,37,0
1001,63,R&D,115876,11,0,6.7,48,0
1002,41,Sales,112862,13,1,4.0,43,0
1003,26,Marketing,39958,12,0,3.5,54,1
1004,48,HR,127141,36,0,5.4,37,0
1005,58,HR,139855,4,0,6.6,44,1
1006,58,Finance,114798,23,0,6.2,41,0
1007,52,Marketing,125582,31,0,2.2,35,0
1008,54,Sales,59085,36,0,4.8,48,0
1009,53,Sales,43329,5,0,7.1,54,1
1010,38,IT,140437,15,0,6.7,52,0
1011,64,Sales,93618,31,1,4.2,51,0
1012,44,R&D,66656,6,0,5.9,50,0
1013,62,Marketing,90913,7,0,2.4,41,1
1014,58,IT,68599,3,0,2.0,37,0
1015,38,HR,85606,31,1,2.8,55,0
1016,39,Marketing,122317,24,0,3.6,41,0
1017,35,HR,58563,7,1,7.8,55,0
1018,37,Finance,143935,28,1,6.4,50,0
1019,45,Marketing,127399,11,0,1.0,40,0
1020,60,HR,48579,19,1,5.8,44,0
1021,24,Finance,118469,35,1,4.4,36,1
1022,34,Finance,103977,7,0,4.3,46,0
1023,60,HR,119929,21,0,8.2,41,0
1024,42,IT,74821,36,0,5.5,36,0
1025,40,Sales,62421,22,0,2.5,53,0
1026,37,Sales,132436,18,1,3.0,50,0
1027,49,Marketing,41732,4,0,3.8,48,1
1028,26,IT,35959,25,0,4.1,49,0
1029,29,Sales,43186,35,0,4.6,51,0
1030,36,HR,73378,0,1,8.9,40,1
1031,30,Marketing,89545,8,0,4.0,37,0
1032,39,Sales,31450,32,0,6.2,53,0
1033,41,R&D,143338,30,0,1.0,38,0
1034,57,Sales,88180,1,0,2.6,57,0
1035,47,HR,89102,14,0,7.9,40,0
1036,23,IT,49795,15,0,4.9,44,1
1037,59,Marketing,93215,14,1,3.9,58,0
1038,27,HR,82999,14,0,3.6,45,0
1039,24,HR,127143,30,0,5.2,44,0
1040,42,Finance,142341,27,0,1.0,43,0
1041,44,R&D,44392,3,0,3.8,57,0
1042,47,HR,139607,26,0,9.6,48,1
1043,43,R&D,69833,16,1,2.3,57,0
1044,41,Finance,110717,23,0,1.1,36,0
1045,51,Finance,92666,1,0,1.0,54,0
1046,53,HR,43594,39,1,7.4,49,0
1047,23,Finance,91260,17,0,6.1,48,0
1048,61,Sales,132909,2,0,10.0,39,0
1049,60,Marketing,121007,2,0,4.0,41,1
1050,59,IT,147650,1,0,2.4,49,0
1051,51,R&D,135406,35,1,5.9,58,0
1052,53,IT,64317,20,0,2.7,52,0
1053,48,Marketing,100093,36,0,7.3,48,0
1054,33,R&D,145718,6,0,2.6,59,0
1055,44,HR,50983,23,0,4.2,59,0
1056,36,R&D,126702,22,0,5.8,43,0
1057,56,IT,47230,3,0,7.6,55,1
1058,62,Marketing,149197,1,0,8.1,41,0
1059,64,Finance,65920,0,0,4.2,52,0
1060,24,Finance,141185,21,0,5.6,39,1
1061,36,HR,64719,34,1,6.1,51,0
1062,26,Sales,91330,12,0,4.0,43,0
1063,49,HR,119529,19,0,7.5,53,0
1064,61,HR,71817,13,0,1.9,39,1
1065,31,Sales,48000,5,0,5.6,51,1
1066,43,HR,135201,19,0,4.9,40,0
1067,24,HR,35979,29,1,3.1,46,0
1068,60,IT,147608,17,0,3.2,42,0
1069,59,Sales,51460,0,1,4.3,44,0
1070,57,R&D,118996,9,0,8.7,52,0
1071,23,HR,116942,32,0,2.1,54,0
1072,46,HR,55286,13,0,6.9,44,0
1073,59,IT,44235,25,0,4.9,39,0
1074,51,HR,36824,10,0,6.9,41,0
1075,27,Finance,136791,36,0,3.5,47,0
1076,36,IT,120443,27,0,8.5,41,0
1077,42,IT,33781,38,0,1.9,47,0
1078,41,Finance,71920,2,0,8.1,53,0
1079,34,HR,104924,8,1,2.2,52,1
1080,32,Finance,32057,31,0,2.7,54,0
1081,25,Finance,141179,16,0,2.1,51,0
1082,55,HR,112770,33,0,8.5,58,0
1083,35,HR,74867,30,0,7.7,35,0
1084,59,Sales,139703,34,0,1.5,45,0
1085,33,Marketing,45878,8,0,9.2,50,0
1086,35,Marketing,106424,1,0,9.6,39,1
1087,35,Finance,39423,9,0,9.5,59,0
1088,46,IT,65124,25,0,2.6,50,0
1089,40,Sales,131997,17,1,6.9,45,0
1090,39,Sales,81994,30,1,2.3,49,0
1091,33,Finance,132858,15,0,4.3,39,1
1092,24,R&D,98554,25,0,9.8,48,0
1093,58,R&D,140619,11,0,6.8,54,0
1094,30,Marketing,128653,8,0,7.6,56,0
1095,50,Sales,108707,29,0,9.8,52,1
1096,49,HR,102663,25,0,2.5,48,0
1097,43,IT,140888,37,0,6.2,35,1
1098,22,R&D,85513,8,0,1.6,36,0
1099,33,HR,94530,8,1,5.1,39,0
1100,25,IT,84378,34,1,8.9,58,0
1101,45,Sales,103705,10,1,1.2,48,0
1102,24,R&D,77084,1,0,5.7,37,0
1103,27,R&D,127422,29,0,8.6,55,0
1104,22,Marketing,89019,36,1,3.8,58,0
1105,38,R&D,40330,25,0,9.3,43,0
1106,24,Finance,119325,11,0,6.8,45,0
1107,24,Sales,91981,22,0,1.5,53,1
1108,30,Marketing,106067,32,1,6.9,41,0
1109,39,IT,134094,38,0,4.5,51,0
1110,54,Finance,37034,37,0,2.4,50,0
1111,64,Finance,91417,17,1,9.3,52,0
1112,47,R&D,87879,24,0,9.8,38,0
1113,43,Marketing,123525,32,0,8.0,53,0
1114,22,Sales,139557,29,1,8.6,39,0
1115,40,Sales,85101,39,0,9.9,59,0
1116,27,HR,127360,10,0,1.3,38,0
1117,47,Finance,109344,5,0,2.0,43,0
1118,42,Finance,38835,9,0,9.4,54,0
1119,26,Marketing,51986,2,0,6.3,39,1
1120,39,IT,106122,27,0,4.8,47,0
1121,36,Sales,74696,39,0,2.4,38,1
1122,41,Finance,84625,34,0,1.3,51,0
1123,49,Sales,100570,1,0,7.9,53,1
1124,58,HR,141063,16,1,1.2,36,0
1125,30,Finance,80409,3,0,4.9,56,1
1126,47,Marketing,73049,34,0,1.5,41,0
1127,41,IT,90814,10,0,7.7,54,0
1128,64,R&D,49101,34,0,5.8,48,0
1129,28,HR,143150,5,0,3.3,57,0
1130,30,Sales,52025,2,0,3.2,58,1
1131,54,R&D,48678,10,0,6.3,52,0
1132,43,Marketing,58983,19,0,2.1,43,0
1133,22,HR,120438,5,0,6.7,59,0
1134,29,IT,92722,12,1,9.4,48,0
1135,55,Sales,65154,0,0,5.2,42,0
1136,60,Sales,75934,24,0,7.3,49,0
1137,46,IT,127870,17,0,3.5,59,0
1138,54,Sales,100860,19,0,5.7,46,0
1139,30,R&D,87183,30,0,5.7,56,1
1140,38,Marketing,117602,28,0,4.5,51,0
1141,32,Sales,144998,5,0,2.8,45,0
1142,40,HR,135216,2,0,6.7,42,0
1143,43,Finance,141111,24,1,9.6,42,0
1144,30,R&D,141750,37,0,5.1,46,0
1145,31,HR,110895,25,0,2.0,45,1
1146,46,Marketing,36535,5,0,4.2,44,0
1147,42,Marketing,113117,16,0,7.2,57,0
1148,32,Sales,34224,31,1,5.4,48,0
1149,41,Sales,145777,30,1,3.8,44,0
1150,33,Finance,105357,15,0,8.7,44,0
1151,60,Sales,94578,2,0,6.5,42,0
1152,36,R&D,105194,1,0,9.0,55,0
1153,27,Finance,52027,9,0,9.8,44,0
1154,38,HR,88782,10,0,6.5,47,0
1155,26,IT,111891,10,0,2.8,48,0
1156,36,Finance,145634,36,0,6.2,46,0
1157,53,R&D,47348,7,1,2.1,38,0
1158,24,IT,33837,3,0,8.1,35,0
1159,24,Finance,98753,33,0,1.9,57,0
1160,36,IT,87686,4,0,5.3,44,0
1161,53,IT,35805,18,0,7.5,59,0
1162,29,Finance,100158,13,0,9.3,44,0
1163,27,Sales,86534,6,0,9.1,42,0
1164,26,IT,72519,14,1,1.6,43,1
1165,37,Finance,109392,21,0,9.9,49,0
1166,38,Finance,100191,15,0,5.0,35,0
1167,60,HR,80013,31,1,2.9,46,0
1168,26,Sales,120091,31,0,9.8,46,0
1169,45,HR,128171,37,0,8.8,55,0
1170,48,Marketing,90001,31,0,6.8,53,0
1171,46,HR,103096,7,0,6.5,58,1
1172,42,IT,120025,36,0,4.6,55,0
1173,29,Marketing,45134,31,0,1.2,35,0
1174,55,Finance,66927,29,1,6.2,48,0
1175,36,Finance,109806,37,0,5.3,56,0
1176,56,IT,35879,36,0,9.2,35,0
1177,47,R&D,123670,2,0,5.8,36,0
1178,57,IT,61616,25,0,7.7,48,0
1179,55,Marketing,128848,39,0,9.7,51,0
1180,56,Finance,112530,27,0,1.8,35,0
1181,36,IT,133270,31,0,5.6,57,1
1182,24,Finance,86056,4,0,9.0,50,1
1183,62,Marketing,117002,6,0,9.0,46,0
1184,30,Finance,132792,13,0,3.8,38,0
1185,57,R&D,136244,12,0,6.6,44,0
1186,64,IT,117667,15,0,6.9,52,0
1187,47,Marketing,76972,28,1,8.2,55,1
1188,31,Marketing,125541,15,0,7.6,44,0
1189,51,Marketing,67480,13,0,7.4,52,0
1190,63,Finance,87994,39,1,7.4,59,0
1191,57,Marketing,110926,26,0,4.4,35,0
1192,38,IT,99869,23,0,6.1,58,0
1193,46,Finance,128474,25,0,8.1,48,0
1194,32,Sales,68816,16,0,3.3,45,0
1195,52,HR,89292,23,0,4.1,38,0
1196,33,Marketing,105778,11,1,6.0,55,0
1197,46,Finance,131175,10,0,3.2,58,1
1198,47,Sales,64740,28,0,5.1,39,0
1199,60,IT,93738,24,0,5.6,51,1
1200,34,R&D,56969,3,0,2.5,46,0
1201,51,Marketing,71920,7,0,3.2,49,0
1202,24,Sales,34471,7,1,2.5,47,0
1203,52,Sales,101822,28,1,7.6,39,0
1204,42,R&D,129203,24,0,1.8,55,0
1205,56,Sales,42875,9,0,3.2,43,0
1206,50,Sales,145157,21,0,7.5,43,0
1207,34,HR,93063,3,0,9.3,54,0
1208,51,IT,138192,28,0,3.3,40,0
1209,27,R&D,86400,37,1,9.1,36,0
1210,32,Marketing,90182,29,0,4.0,53,0
1211,32,HR,56074,35,1,8.6,40,0
1212,25,Marketing,89228,25,0,5.6,51,0
1213,43,HR,146350,21,0,6.2,50,0
1214,55,Finance,102424,5,0,5.2,50,1
1215,51,Sales,138500,33,0,7.8,57,1
1216,26,R&D,44331,13,0,4.5,35,0
1217,52,HR,146142,21,0,6.8,56,0
1218,49,Sales,92397,14,1,6.4,36,1
1219,52,HR,121069,34,0,3.3,51,0
1220,44,IT,51739,2,0,8.1,47,1
1221,24,R&D,109064,15,1,5.4,46,1
1222,56,IT,131968,29,1,5.1,49,0
1223,42,Marketing,84505,39,0,6.2,57,0
1224,42,IT,54076,15,0,8.7,48,0
1225,31,Sales,142106,16,0,3.7,39,0
1226,33,Marketing,142583,34,1,4.0,35,0
1227,48,Marketing,103127,1,0,4.4,50,0
1228,58,Marketing,114082,12,0,2.7,41,1
1229,33,R&D,70610,8,0,8.0,35,0
1230,44,Marketing,148514,1,0,5.3,56,0
1231,43,Finance,45322,9,0,1.9,45,0
1232,44,Finance,36297,12,0,7.3,59,0
1233,44,Finance,125597,33,0,2.2,35,0
1234,36,IT,52706,15,0,7.1,53,0
1235,47,Finance,67635,21,0,4.5,58,1
1236,49,Finance,131419,19,0,6.5,44,0
1237,34,Marketing,147916,30,0,3.1,42,0
1238,56,Finance,81112,16,1,6.5,59,0
1239,58,Finance,116972,13,0,1.8,45,0
1240,59,R&D,94566,11,0,9.7,44,0
1241,25,HR,85419,38,0,8.7,44,0
1242,35,R&D,111409,33,0,3.4,43,1
1243,58,R&D,125037,19,0,3.7,54,0
1244,29,IT,102112,10,1,9.3,48,0
1245,55,HR,124953,29,0,3.0,47,1
1246,23,Sales,109433,30,1,5.7,53,1
1247,29,Marketing,145904,4,0,6.3,56,0
1248,46,Finance,74827,24,1,3.3,38,1
1249,48,Marketing,57823,11,0,6.2,39,0
1250,32,IT,57023,22,0,7.1,52,0
1251,38,Sales,71741,28,0,8.8,51,0
1252,51,HR,84962,21,1,6.3,50,0
1253,59,R&D,77566,18,0,9.1,50,0
1254,31,Marketing,86253,7,1,6.1,56,0
1255,55,HR,74567,37,0,6.8,51,0
1256,36,IT,89491,27,0,9.6,46,0
1257,43,R&D,76787,14,0,8.4,47,0
1258,46,IT,85643,39,0,9.8,36,0
1259,35,R&D,132045,26,0,6.0,37,0
1260,46,R&D,57476,33,0,3.2,36,0
1261,38,Marketing,58849,32,1,8.9,50,0
1262,64,IT,76118,1,1,7.1,42,0
1263,23,HR,39522,3,0,9.6,47,0
1264,50,HR,128398,15,0,3.9,39,0
1265,42,Marketing,41023,34,0,7.7,40,0
1266,23,Sales,121228,26,0,4.8,50,0
1267,53,R&D,115855,10,1,2.6,35,0
1268,29,R&D,56509,18,1,2.9,47,0
1269,57,HR,110696,16,0,3.3,57,0
1270,48,HR,142333,18,0,5.6,41,0
1271,48,Sales,39648,10,1,8.0,43,0
1272,63,IT,92238,18,0,9.4,46,0
1273,44,Finance,137751,11,0,1.9,36,0
1274,33,Sales,51187,32,0,8.3,53,0
1275,27,IT,106363,32,1,3.8,57,0
1276,64,IT,67035,16,0,4.6,48,0
1277,45,Marketing,42206,21,0,6.0,43,0
1278,58,Marketing,53596,33,0,7.6,41,1
1279,46,IT,76003,11,0,2.6,49,0
1280,41,Finance,64910,31,0,3.9,47,0
1281,58,IT,76187,4,0,5.0,40,0
1282,27,IT,128368,14,0,6.1,42,0
1283,42,Sales,37709,4,0,8.4,40,0
1284,52,Marketing,74952,7,0,5.5,56,0
1285,54,Sales,66495,0,0,2.8,56,0
1286,38,Marketing,51557,11,0,3.8,36,1
1287,54,R&D,111012,16,0,6.8,57,0
1288,23,Finance,127674,0,1,3.4,40,0
1289,61,R&D,46563,14,0,3.0,55,1
1290,54,HR,149338,1,0,3.6,58,0
1291,23,Marketing,65061,21,0,4.8,59,0
1292,35,Marketing,39976,26,0,3.7,42,0
1293,24,IT,105586,17,0,7.6,47,0
1294,47,HR,36644,39,0,8.3,37,0
1295,45,R&D,73872,18,0,1.4,35,0
1296,33,R&D,125760,23,0,5.1,46,0
1297,30,Sales,123241,6,0,3.5,39,0
1298,25,R&D,101144,20,0,4.5,57,0
1299,26,Sales,145087,30,0,2.7,56,0
1300,26,Sales,109202,27,0,1.6,35,0
1301,33,Sales,145857,10,0,6.7,55,0
1302,32,R&D,79080,34,0,9.7,55,0
1303,49,Marketing,40567,18,0,7.6,47,1
1304,48,IT,74095,26,1,9.8,55,0
1305,43,IT,43547,10,0,9.7,42,0
1306,24,Sales,86684,25,0,4.2,52,1
1307,42,Marketing,72955,14,0,7.6,57,0
1308,32,HR,64943,10,0,8.3,42,0
1309,49,R&D,105001,19,0,5.2,49,0
1310,50,R&D,128109,12,1,3.9,44,0
1311,38,IT,49343,29,0,9.4,38,0
1312,31,Sales,49642,15,0,1.4,51,0
1313,36,Marketing,113743,4,0,4.6,42,0
1314,50,Marketing,72568,17,0,9.8,56,0
1315,25,R&D,31337,21,0,2.2,39,1
1316,60,Marketing,44628,34,1,1.4,40,0
1317,45,Marketing,95042,15,0,4.1,37,0
1318,45,R&D,64682,32,0,1.7,48,0
1319,35,Marketing,145141,21,0,6.3,39,0
1320,47,Marketing,132423,19,0,6.6,36,0
1321,32,IT,86500,9,0,8.3,48,0
1322,24,R&D,67636,4,1,10.0,50,0
1323,32,Sales,114957,14,0,1.3,39,0
1324,27,Sales,66227,25,0,6.4,46,0
1325,54,Finance,114776,22,0,8.5,39,0
1326,38,IT,76424,36,0,7.1,58,0
1327,61,R&D,62192,7,1,2.4,35,0
1328,39,IT,70874,8,0,6.5,35,0
1329,25,Finance,77398,14,0,2.7,49,1
1330,57,Sales,63848,20,0,9.3,41,0
1331,60,R&D,116864,27,0,9.7,43,0
1332,36,Finance,139054,1,0,6.9,54,0
1333,62,R&D,104215,5,1,6.0,41,0
1334,47,IT,121377,36,0,2.2,53,0
1335,54,R&D,36431,6,0,8.0,55,0
1336,49,R&D,57983,17,0,8.3,42,0
1337,51,Marketing,44930,38,0,4.2,37,0
1338,49,Sales,131332,2,0,6.8,56,0
1339,61,Finance,32844,18,0,3.0,42,0
1340,55,HR,101594,30,0,9.3,46,0
1341,31,IT,49699,8,0,1.8,40,0
1342,60,Marketing,110768,22,0,7.4,36,0
1343,36,R&D,55459,16,0,7.7,41,0
1344,51,HR,149512,13,0,7.4,40,0
1345,49,Finance,41990,29,0,7.9,53,0
1346,60,R&D,121099,3,0,9.6,48,0
1347,47,Finance,123258,18,0,4.8,44,0
1348,47,HR,67169,18,0,2.8,42,0
1349,22,Finance,97865,30,0,2.2,56,0
1350,43,IT,43772,38,0,1.7,38,0
1351,44,Finance,115675,18,1,5.1,46,0
1352,46,IT,114452,14,0,2.0,44,0
1353,29,R&D,145784,16,0,8.4,52,0
1354,55,Finance,61476,15,0,5.4,50,0
1355,36,Sales,76539,36,1,8.4,35,0
1356,23,R&D,135395,13,0,6.9,57,0
1357,33,HR,106019,3,0,9.3,59,0
1358,39,Marketing,91912,17,0,8.6,51,0
1359,28,Sales,95732,16,0,3.5,53,0
1360,63,HR,53940,31,0,7.3,58,0
1361,48,Sales,41358,5,1,9.1,36,0
1362,23,Sales,104141,4,0,5.7,59,0
1363,56,IT,84108,39,0,7.7,41,0
1364,34,Finance,114622,4,0,1.4,54,0
1365,25,Sales,125524,20,0,6.6,50,1
1366,49,IT,79085,11,0,7.6,37,0
1367,44,Marketing,83076,26,1,6.0,57,0
1368,39,Sales,111770,32,1,3.5,54,0
1369,42,Marketing,98156,15,0,9.5,38,0
1370,60,R&D,35267,26,0,5.1,42,0
1371,35,Sales,36297,9,0,6.0,39,0
1372,34,Sales,34769,14,0,1.6,36,0
1373,41,HR,67592,7,0,8.3,52,0
1374,34,Finance,48880,6,0,4.8,49,0
1375,29,R&D,148373,26,0,4.0,53,1
1376,25,Sales,146174,22,0,9.2,53,0
1377,27,R&D,140290,22,1,3.3,55,0
1378,45,R&D,62171,8,0,2.3,50,0
1379,45,IT,79439,20,0,5.2,40,0
1380,41,Finance,52208,23,0,7.7,46,0
1381,34,Sales,52205,17,0,1.4,35,0
1382,55,HR,47243,17,0,7.5,47,0
1383,29,Marketing,133348,5,0,5.6,54,0
1384,55,Sales,142338,19,0,7.1,41,0
1385,26,IT,87065,38,0,7.1,45,0
1386,37,R&D,128309,7,1,3.8,41,1
1387,37,Sales,95090,5,0,2.6,38,0
1388,35,HR,145548,5,0,1.2,48,0
1389,48,Marketing,86808,6,0,1.2,50,0
1390,63,IT,107764,10,0,8.8,55,0
1391,63,Finance,126972,25,0,5.6,35,1
1392,52,Sales,57051,19,0,3.9,39,1
1393,35,Sales,44271,23,0,9.2,46,0
1394,52,Sales,60539,7,0,9.3,46,0
1395,35,Sales,30873,31,0,5.8,38,1
1396,45,R&D,143349,8,0,6.0,37,0
1397,56,Sales,41375,22,0,6.7,47,0
1398,36,Finance,129213,12,0,7.3,51,0
1399,41,R&D,70025,4,0,4.0,43,0
1400,49,IT,109857,13,1,7.7,52,0
1401,59,IT,127371,23,1,1.2,55,0
1402,48,Sales,112453,1,0,8.3,46,0
1403,22,R&D,118617,2,0,7.1,42,0
1404,33,R&D,43577,12,0,8.8,48,1
1405,60,R&D,104989,14,1,6.6,59,0
1406,48,IT,145547,32,1,6.4,46,0
1407,57,IT,149124,6,1,3.1,59,0
1408,52,Marketing,142004,14,0,4.7,58,0
1409,45,IT,106746,10,0,8.0,48,0
1410,53,Finance,125735,30,0,5.6,51,0
1411,41,Finance,80580,2,0,7.7,40,1
1412,44,HR,132520,10,0,9.8,58,0
1413,24,Sales,73842,2,1,5.1,40,0
1414,37,Sales,73513,25,0,2.9,55,0
1415,23,IT,58385,14,0,5.0,48,0
1416,58,R&D,136589,29,0,4.0,38,1
1417,42,Sales,100267,34,1,2.9,47,0
1418,24,Finance,35245,29,0,9.9,37,0
1419,33,IT,63163,0,0,5.1,45,0
1420,49,Finance,142525,23,0,9.8,46,0
1421,46,Marketing,111032,10,1,7.4,38,0
1422,37,HR,110177,7,0,4.4,38,0
1423,33,HR,77197,8,0,1.0,57,0
1424,42,Marketing,83878,31,0,4.5,52,0
1425,43,IT,83200,38,1,3.8,49,0
1426,40,Sales,115739,14,1,5.1,51,0
1427,33,IT,33821,2,0,6.1,51,0
1428,33,IT,77101,11,0,6.6,52,0
1429,44,Finance,76166,15,0,2.2,49,0
1430,63,HR,136897,3,0,6.6,37,0
1431,56,Marketing,53684,39,0,5.9,59,0
1432,30,HR,33083,36,0,2.1,49,0
1433,42,R&D,120912,30,0,2.8,59,0
1434,38,HR,80647,36,1,5.8,43,0
1435,23,IT,97097,6,0,6.9,39,0
1436,58,Marketing,87909,18,0,2.5,53,1
1437,32,Finance,102194,12,0,7.0,36,1
1438,42,Marketing,138371,5,0,3.8,36,0
1439,26,Sales,97182,21,0,8.5,40,0
1440,55,R&D,141422,31,0,4.5,59,0
1441,58,R&D,101673,33,0,8.3,41,0
1442,53,R&D,61275,25,0,3.1,55,0
1443,31,IT,114604,16,0,7.6,47,0
1444,60,Sales,144397,9,0,5.8,51,0
1445,34,R&D,35836,35,0,6.8,41,0
1446,23,Sales,93037,25,0,5.1,53,0
1447,44,HR,33251,12,0,9.9,36,0
1448,61,R&D,106795,29,0,7.3,53,0
1449,24,HR,144330,13,0,4.5,44,1
1450,42,Sales,59257,10,1,7.7,42,0
1451,31,Marketing,39278,17,0,7.6,49,0
1452,24,Marketing,95909,21,0,2.1,50,0
1453,36,Marketing,101408,22,0,3.1,35,0
1454,31,Finance,137559,36,0,7.4,52,0
1455,30,HR,128107,6,1,4.3,58,0
1456,37,IT,94144,1,1,4.7,55,0
1457,45,Marketing,90903,24,0,5.5,55,1
1458,41,Finance,37149,38,1,8.0,51,1
1459,51,IT,55598,23,0,5.2,50,0
1460,34,Marketing,123430,20,0,3.5,50,0
1461,22,HR,129608,16,0,7.1,53,0
1462,25,HR,57351,23,0,8.8,53,0
1463,28,R&D,52621,22,0,5.7,52,0
1464,57,HR,132275,34,0,7.3,40,0
1465,42,HR,142640,21,0,8.5,49,0
1466,51,R&D,43468,8,0,2.4,57,1
1467,60,Marketing,75517,14,0,6.4,45,0
1468,48,HR,129317,39,0,7.6,50,1
1469,47,HR,103386,21,0,2.1,51,0
1470,40,IT,117663,9,1,5.1,41,0
1471,35,Sales,122340,4,0,2.6,38,0
1472,61,HR,37319,9,0,5.2,41,0
1473,63,Sales,57466,34,0,1.1,57,0
1474,52,Marketing,70976,20,0,7.7,42,0
1475,28,R&D,117965,10,0,8.4,48,0
1476,54,Marketing,55296,39,0,8.5,45,1
1477,30,IT,50720,2,1,8.3,44,0
1478,23,HR,127415,22,0,1.5,48,0
1479,57,Marketing,37150,38,0,3.6,44,0
1480,28,Finance,85994,26,0,3.2,54,1
1481,26,R&D,41822,22,0,5.3,59,1
1482,43,Sales,145906,8,0,9.3,45,0
1483,55,Finance,137128,3,0,2.7,48,1
1484,37,Marketing,106404,8,1,8.1,52,0
1485,35,IT,85181,8,0,4.2,51,0
1486,30,HR,106518,13,0,2.0,51,0
1487,27,HR,52507,13,0,4.2,49,0
1488,58,Finance,144561,38,0,2.9,49,0
1489,62,IT,130772,26,0,2.8,36,0
1490,23,IT,90831,18,0,9.9,51,0
1491,58,Finance,73871,30,0,3.7,57,0
1492,63,Sales,38992,1,0,8.2,43,1
1493,63,Finance,104828,7,0,1.1,46,0
1494,40,HR,88620,5,0,1.6,53,0
1495,64,Sales,56357,38,1,6.5,49,0
1496,38,Sales,32495,12,0,7.2,55,0
1497,22,Finance,140878,19,0,6.8,54,1
1498,25,Marketing,120054,26,0,8.8,40,0
1499,58,R&D,138946,10,0,3.0,53,0
1500,51,R&D,146563,18,0,3.9,53,0
