store_id,store_size_sqft,num_employees,avg_transaction_value,daily_customers,years_operated,has_online_presence,competitors_nearby,parking_spots,marketing_spend,revenue
1,3706,73,152.32,831,11.9,1,7,18,9431.8,728799.43
2,2784,82,54.52,1564,0.2,0,3,67,44617.55,1694996.12
3,1866,81,16.93,1599,16.0,0,5,92,35457.97,1556956.43
4,609,40,167.96,1897,20.2,1,8,38,5937.7,1972059.39
5,4211,65,124.28,1124,25.1,1,9,37,11712.49,591735.82
6,1265,83,121.82,1763,9.6,1,1,5,18385.53,1829904.33
7,3935,33,121.27,949,17.8,1,1,59,28056.96,653354.62
8,2300,17,79.44,1868,25.7,1,1,98,26863.12,366851.29
9,4584,25,21.15,55,19.1,0,5,12,7564.88,1686968.05
10,2824,88,30.24,948,9.7,0,2,76,9995.47,1893541.96
11,2631,33,196.62,750,25.9,0,9,61,39272.2,179550.55
12,1951,85,167.9,1524,4.6,1,4,29,36236.78,1210707.87
13,3845,53,48.53,442,3.1,0,9,46,11495.03,1263266.56
14,4397,51,76.51,181,14.9,1,7,68,47938.26,660314.45
15,4221,73,126.85,1279,14.6,0,2,29,7827.58,1104234.51
16,2940,50,106.63,241,12.1,1,9,46,39684.39,949862.67
17,2097,78,185.63,689,25.3,0,9,70,45911.13,559674.28
18,2690,20,168.27,1282,11.6,0,3,66,46779.12,1250514.89
19,3883,41,147.08,756,1.3,0,5,89,39702.99,140685.57
20,1211,13,156.02,914,1.4,1,9,75,3750.1,533657.47
21,1152,95,99.6,1676,23.5,0,0,1,48124.09,849167.6
22,2913,54,125.81,442,11.2,1,2,9,39299.99,568856.39
23,3129,75,49.17,905,14.2,0,5,37,7186.56,1670183.15
24,3663,11,184.3,377,19.2,1,0,89,8124.69,1382365.73
25,3103,41,103.52,1470,25.1,0,6,24,8678.7,259304.74
26,2307,71,178.88,356,25.0,0,4,62,36750.64,1267746.01
27,4168,5,190.41,501,2.7,1,5,35,25681.01,980440.74
28,1388,38,106.18,61,26.7,0,0,83,36825.58,986506.13
29,1144,27,81.3,761,3.9,1,2,21,13431.95,1090217.81
30,2316,79,50.4,1965,16.3,1,4,25,35238.48,786817.83
31,4817,53,50.28,1544,26.6,1,7,99,36175.3,1218568.82
32,4420,6,124.22,90,22.1,0,0,38,25898.96,849429.99
33,805,59,65.38,100,26.7,0,1,8,33597.58,1721856.03
34,2751,23,14.86,1741,6.3,1,1,13,34568.91,1970493.74
35,4487,84,199.97,103,14.5,1,5,54,38118.72,1965085.67
36,2555,6,44.8,1056,3.8,1,2,91,37275.07,867782.19
37,2185,75,168.74,534,1.5,1,7,81,25405.63,1097624.72
38,2469,76,69.68,875,13.3,1,6,72,5647.95,726235.26
39,862,93,97.34,1060,18.7,0,1,69,3759.16,545325.82
40,3521,17,109.2,1411,14.0,1,3,70,25812.32,1002501.38
41,2898,79,154.49,1687,14.9,0,8,54,15991.99,1537055.49
42,1418,69,26.76,223,10.6,1,0,91,39184.29,958287.73
43,1848,44,134.34,1720,1.6,1,2,83,15296.66,1792919.57
44,1356,25,145.91,1297,2.1,1,8,15,25907.37,824607.71
45,2264,31,15.47,1559,1.4,0,6,55,37811.69,286536.05
46,4304,33,188.07,386,10.1,1,7,71,18460.68,1783914.31
47,3209,35,168.84,987,23.7,1,8,50,46838.54,660987.32
48,2987,97,38.67,1581,15.5,0,8,55,25998.28,548637.71
49,2472,89,152.0,284,17.0,1,7,78,31276.43,1745220.69
50,2074,31,180.04,1044,20.3,1,2,87,38707.64,1372666.69
51,3798,80,141.09,686,19.9,1,0,78,39219.32,293267.17
52,3760,85,90.55,79,25.5,0,8,49,4842.16,813272.78
53,1451,90,95.29,1851,11.0,1,8,61,48909.59,1413824.49
54,2599,58,180.93,710,14.9,1,6,3,11911.39,1094064.36
55,3331,85,183.36,1383,13.3,1,1,99,2057.63,1222893.71
56,4710,63,49.85,391,0.2,1,8,20,3292.19,1815932.46
57,4276,54,129.31,697,3.7,0,1,58,49986.09,916928.72
58,3458,42,153.07,713,24.2,0,6,29,28119.48,1115611.12
59,1570,79,20.41,788,28.5,1,2,1,43199.47,984068.57
60,994,46,163.05,1842,14.5,0,6,39,14575.98,1810589.49
61,4602,24,160.01,843,4.3,1,0,22,32460.47,917860.48
62,2563,14,10.26,1477,10.2,0,1,50,48006.55,548024.67
63,2645,6,123.93,723,0.4,0,4,58,28722.06,322366.44
64,4848,55,141.11,1541,6.1,1,8,88,14399.46,797946.81
65,4226,94,190.18,1679,19.5,0,0,89,15135.01,124378.27
66,2147,50,50.28,1418,3.0,1,0,18,33516.25,807129.31
67,3911,5,11.94,1626,14.2,1,7,31,5731.27,1184397.13
68,4979,10,27.63,820,2.6,0,0,64,1967.93,922030.19
69,2116,22,98.35,1045,2.9,1,9,33,25341.26,402538.07
70,1689,19,51.22,1284,4.9,0,7,2,26569.72,375690.4
71,3400,25,83.87,929,1.6,0,4,33,25476.94,1875644.59
72,1661,44,10.52,90,6.6,0,6,86,40713.88,776914.86
73,3723,6,94.19,1540,12.1,0,3,13,10572.51,411555.32
74,1294,12,57.07,1137,16.5,0,3,14,36724.35,743749.07
75,4811,68,74.69,1085,11.2,1,6,48,17584.62,1121684.69
76,4650,34,154.64,1085,13.5,0,5,69,45129.88,755235.46
77,1376,23,23.02,1059,13.0,0,7,97,8501.89,65802.8
78,3815,50,42.53,687,26.3,0,4,47,32253.06,1461582.27
79,3260,64,168.14,1337,12.1,1,9,71,29544.07,656991.42
80,1724,79,43.4,1812,1.5,0,1,66,7094.25,1692440.67
81,4658,7,136.68,1496,2.9,0,3,14,47511.77,1823701.97
82,1764,13,114.74,236,11.2,0,0,20,49778.62,508890.06
83,538,75,106.48,619,13.7,1,0,22,48014.54,547317.9
84,2330,81,196.3,1490,12.4,1,0,51,4886.11,649300.64
85,1009,86,45.29,349,7.7,1,2,36,38416.85,1427658.39
86,1722,62,176.6,273,6.8,1,8,17,40573.71,875914.02
87,4997,50,47.26,578,0.5,1,1,57,33082.99,366596.9
88,3953,88,115.58,568,1.4,1,8,31,12433.01,1349911.82
89,4201,45,27.28,1041,16.0,1,8,30,38062.67,1283323.97
90,593,79,29.88,661,22.2,1,6,52,7264.6,1805551.36
91,2554,59,141.86,1890,28.9,0,9,90,35043.07,386014.78
92,1101,14,145.91,1867,8.9,0,4,88,25540.81,923128.12
93,4048,68,180.82,881,1.7,0,0,60,26625.79,682118.25
94,3375,14,60.33,1317,27.1,1,9,41,45295.76,1758563.1
95,1988,6,175.01,1096,26.0,0,5,1,1788.74,147032.03
96,3886,73,26.03,467,18.1,1,9,79,23681.74,95939.88
97,2514,85,158.29,1802,16.6,0,2,55,40562.45,179938.82
98,3284,20,195.38,1273,16.9,0,8,33,34497.2,1400290.45
99,1715,32,14.41,292,25.4,0,1,81,42952.65,1143817.08
100,3369,80,133.09,874,10.4,1,6,97,12130.58,1087685.27
101,1790,39,178.28,1771,0.2,0,0,81,4034.89,302076.0
102,3924,81,99.24,1756,22.7,0,4,81,17634.83,1707658.12
103,4336,35,29.41,549,15.7,0,2,97,26834.14,539383.4
104,3443,39,189.64,1836,24.6,1,5,15,11524.48,194779.18
105,3820,50,24.46,1947,11.7,0,6,99,43580.28,185836.46
106,1987,8,113.32,484,1.0,0,6,6,27108.03,922781.77
107,1764,79,69.66,1574,22.0,0,2,55,6997.14,1674862.77
108,1412,31,33.54,1137,7.5,1,1,22,45257.52,1270064.18
109,3472,63,141.33,117,15.0,0,6,54,27148.14,417104.25
110,4710,81,13.78,1232,10.5,0,6,47,2918.24,1882257.67
111,768,12,15.1,523,23.4,1,7,45,7628.7,838078.28
112,4194,71,156.54,206,19.4,0,0,87,22452.48,942429.14
113,2219,51,133.18,1331,27.3,0,8,91,41251.49,1377037.29
114,2518,76,169.31,1058,29.7,1,2,44,16494.98,561930.25
115,3457,59,134.17,695,26.5,0,3,6,30539.32,1489756.04
116,1528,12,29.14,1589,20.4,0,1,55,27996.74,1813208.5
117,3807,25,84.03,906,10.3,0,2,44,9828.97,1197402.33
118,2312,91,42.7,1187,29.8,0,3,20,40418.48,77526.8
119,4967,89,12.94,1320,6.5,0,8,7,41536.19,1573426.03
120,4609,87,69.63,1705,21.3,1,5,60,38825.73,1842116.19
121,3602,92,191.26,828,29.5,0,8,39,14510.25,491659.05
122,2758,8,139.47,532,19.1,0,0,32,11900.89,1327657.65
123,679,12,198.11,1549,2.2,0,7,44,30753.55,859762.69
124,1672,44,177.64,1615,17.8,1,5,15,20778.6,1937688.0
125,1810,83,22.3,469,1.1,0,0,50,23068.19,1413570.91
126,3495,78,192.81,1696,11.5,1,1,15,2291.88,941379.84
127,1516,7,22.73,711,12.7,0,2,53,1367.06,793819.85
128,2755,96,68.06,1602,6.2,0,7,35,2152.55,644921.47
129,3160,18,21.64,1557,6.9,1,2,79,4132.22,645927.47
130,1807,9,177.95,1083,6.6,1,1,40,41807.59,1792458.28
131,4956,67,72.23,1351,7.5,0,2,41,21016.58,1736705.86
132,4089,65,16.53,1826,21.3,0,4,63,41156.4,1809556.66
133,1711,62,72.51,1672,10.3,1,3,21,44645.98,1066450.06
134,1414,80,72.98,1180,13.8,1,2,28,14389.46,305985.1
135,2489,86,181.42,1640,0.1,1,4,28,34007.37,1395617.76
136,4246,49,23.35,1823,7.2,1,8,22,20061.35,1777254.34
137,1702,19,28.36,1792,23.1,0,8,30,41969.58,1619534.81
138,2507,49,61.54,1908,27.5,1,8,67,44137.84,914875.91
139,894,28,158.47,667,28.5,1,1,98,21194.24,117853.21
140,3359,22,177.22,1333,23.3,1,4,41,13980.48,1589817.02
141,1093,46,169.84,754,9.9,1,3,73,25748.58,503725.09
142,4133,33,147.13,423,29.5,1,5,24,9820.27,262272.98
143,578,83,58.22,391,14.4,1,4,80,45950.18,924974.45
144,4159,78,88.98,888,10.4,0,1,13,35699.88,1236815.77
145,1471,92,171.42,1167,30.0,1,7,96,25451.68,1798754.72
146,4135,84,186.84,1233,6.1,0,1,25,29493.62,1743037.01
147,2450,24,35.84,63,3.2,0,5,44,17947.38,487282.67
148,4760,39,167.13,700,4.6,1,8,57,32982.31,1172756.84
149,2996,64,26.31,1184,18.4,0,2,98,30144.62,1972302.32
150,2128,9,117.28,1735,27.3,1,3,70,43534.32,1430763.44
151,2256,59,68.62,611,17.1,1,5,12,20146.93,906845.87
152,2102,45,181.99,858,10.9,0,0,39,49623.26,73450.63
153,3272,30,186.14,199,2.3,1,0,89,48097.88,374651.57
154,815,37,131.9,611,21.4,0,2,77,48412.97,1505468.12
155,2532,86,39.63,1027,5.8,1,8,71,24426.45,319100.81
156,2813,77,60.3,866,4.6,1,4,94,49916.73,865457.32
157,2836,45,53.82,521,29.3,1,6,97,7465.81,161356.26
158,4488,18,113.84,877,24.1,1,9,3,45140.51,1414072.6
159,702,79,112.78,1797,24.2,1,6,14,38455.86,468858.73
160,1535,14,69.85,1428,10.5,0,1,91,39856.39,1082368.09
161,3045,80,96.88,500,4.9,0,0,18,35127.27,1046276.15
162,4287,88,132.46,1614,17.7,0,8,81,13056.37,221585.04
163,4528,99,26.45,1524,11.1,1,2,33,21566.24,382701.45
164,1642,28,16.49,822,19.0,0,9,95,22531.5,1512145.69
165,4754,30,171.18,1433,4.4,1,4,98,17009.25,127833.13
166,3340,89,177.19,1065,16.6,0,2,22,32583.37,87981.22
167,4141,10,93.83,1107,2.2,0,7,49,20472.24,1486842.48
168,4125,51,36.63,736,1.6,0,7,49,13187.64,777525.43
169,3447,13,96.06,1942,18.1,1,5,52,4818.99,793694.6
170,2473,82,189.39,399,8.0,1,7,66,43291.6,1669637.42
171,1178,47,181.27,1658,1.1,0,8,39,44915.71,1128215.41
172,758,10,161.07,1316,2.4,0,1,65,18856.73,213637.2
173,3120,22,145.46,731,2.9,1,6,10,9779.3,991916.32
174,2385,49,24.15,505,18.3,0,5,22,26882.1,111110.51
175,3263,42,140.62,1780,18.2,1,8,93,47030.14,369356.16
176,1956,63,136.99,553,5.5,1,0,82,35162.42,884711.48
177,2645,80,76.4,794,7.2,1,7,47,18925.39,979411.89
178,2737,89,19.51,1131,2.6,0,7,6,8292.69,1988930.88
179,923,81,47.77,1362,22.9,0,5,28,49329.91,1050531.84
180,2334,16,134.11,571,25.9,0,7,41,30253.2,1453981.49
181,552,87,136.42,706,2.7,0,0,20,20926.53,1451814.21
182,3112,88,84.12,331,5.2,1,9,29,16323.88,134390.41
183,3085,46,76.84,345,17.9,1,7,65,6535.26,1803523.52
184,2536,29,194.13,396,13.6,1,9,23,43143.06,647004.4
185,4652,45,190.91,1973,3.2,0,6,8,4501.6,364018.67
186,4418,23,71.24,784,23.0,0,4,99,13855.62,685485.72
187,3943,66,68.0,531,9.0,0,7,85,42329.87,1005974.88
188,2122,48,147.24,214,1.3,1,2,29,40276.49,439521.53
189,1719,6,14.79,1478,9.9,1,5,20,40029.28,1834396.41
190,1234,53,172.38,1307,6.5,1,7,35,29120.48,1113435.03
191,3637,21,66.68,1107,14.1,0,0,46,45753.85,782136.21
192,1445,20,38.02,1734,27.3,0,2,50,9387.73,83272.69
193,4933,90,32.34,1582,18.1,0,3,28,6756.72,346654.99
194,1305,79,117.06,1478,17.9,1,4,33,35886.19,1331731.36
195,1364,73,190.71,1306,11.2,0,3,77,42029.75,124355.22
196,1515,42,39.21,1640,22.7,1,1,38,37033.15,414123.27
197,2613,39,156.28,83,17.2,1,8,96,42718.28,1207817.9
198,3970,71,189.49,1316,3.6,0,9,20,49280.99,1744316.39
199,4098,68,171.46,1829,2.8,1,8,81,35535.33,1928556.2
200,1779,5,37.47,1676,27.5,1,0,23,30965.96,1235664.12
201,1186,70,19.51,1975,13.3,0,2,96,47737.72,1711412.86
202,1094,93,148.81,841,13.5,1,2,61,34267.66,1479513.77
203,1455,69,38.63,1463,27.8,1,5,3,25377.68,1099425.07
204,1608,66,183.9,1845,9.5,0,2,18,47712.29,1698886.35
205,4878,63,178.2,312,6.6,0,0,76,48603.94,1428855.91
206,1225,64,173.12,1645,8.8,0,4,77,9005.4,845904.07
207,2483,61,73.36,884,19.6,1,7,45,1420.56,1206036.11
208,4715,19,88.14,618,26.9,1,4,10,29415.21,957557.47
209,4415,46,194.6,1757,16.0,0,8,93,19114.01,338167.55
210,3210,38,142.1,273,16.6,1,1,99,11133.7,742401.94
211,1239,20,130.92,1723,10.2,0,0,70,40591.29,435905.93
212,901,85,77.25,1386,21.1,0,9,47,19587.82,462963.72
213,2590,32,75.71,1032,12.5,1,9,23,42911.6,1133769.69
214,2587,96,184.71,971,23.9,0,7,94,40865.59,726139.83
215,3533,78,102.26,1392,15.2,1,2,51,24652.21,144416.64
216,1216,69,128.94,703,5.7,1,9,3,38715.62,1361632.28
217,1182,22,165.83,363,3.8,0,6,74,15225.87,1911722.42
218,4342,24,138.52,1917,4.5,0,3,33,25537.14,1974830.76
219,3660,76,45.93,1590,15.2,0,2,94,42726.19,1826259.46
220,1096,79,199.61,515,12.4,0,8,87,9038.92,482462.59
221,4061,99,53.76,750,14.4,0,6,19,44328.31,694071.5
222,4497,33,15.08,1979,0.8,0,4,59,6157.51,1371953.63
223,4480,43,78.37,1202,16.3,0,7,95,10653.71,518923.65
224,1452,93,42.03,586,6.8,1,9,76,40131.94,1819936.44
225,2069,36,101.72,278,24.8,1,5,42,6626.69,1862576.03
226,3808,7,72.56,561,23.2,0,6,95,37407.67,342312.42
227,4154,92,122.56,1714,9.1,0,8,45,48114.82,1382935.06
228,2584,64,156.53,1360,14.7,1,1,92,25372.33,1994919.15
229,1895,89,136.58,1210,12.8,1,4,41,28251.49,566044.72
230,1478,68,188.62,1586,0.4,1,7,66,31822.1,321951.85
231,4707,78,88.07,1040,6.8,0,3,83,19868.06,1243375.3
232,4592,69,79.7,1453,12.2,1,7,50,13295.5,593352.47
233,1606,71,89.32,1372,11.6,0,4,4,21347.06,1882641.98
234,2614,24,94.96,1262,17.2,0,5,97,39369.86,1772405.19
235,3052,38,116.74,1352,13.8,0,7,70,19005.84,858481.03
236,3974,47,196.97,1922,0.9,1,0,2,43657.46,688086.39
237,4266,52,185.52,1184,0.5,1,3,93,44511.97,1191915.91
238,1138,27,135.82,793,30.0,1,6,70,30918.81,1108548.53
239,2084,50,182.07,1077,7.0,0,6,33,3316.3,1319789.55
240,1458,14,126.83,1417,16.6,1,5,82,19918.76,535464.16
241,945,77,109.33,1625,17.5,1,2,18,9017.94,1095814.27
242,565,81,58.13,195,10.8,1,5,15,19161.75,597133.38
243,1076,63,67.26,1050,23.2,0,8,3,31045.9,1676568.07
244,1483,85,55.67,1601,1.0,0,5,76,30167.91,1605509.73
245,4205,72,50.87,511,4.5,1,9,34,7235.9,236714.18
246,696,35,91.55,1724,21.9,1,1,25,41084.36,386319.18
247,987,18,47.51,767,19.8,1,7,47,13952.61,561098.55
248,3505,60,138.34,1616,23.4,0,0,19,38507.25,1002912.62
249,3427,32,160.43,830,4.1,0,4,76,10058.4,787487.99
250,1824,96,12.42,830,1.2,1,7,48,48986.05,1964817.69
251,4439,72,120.37,685,24.0,0,3,16,27836.55,1920683.64
252,2109,28,51.78,1254,0.1,1,0,81,12678.06,122253.69
253,2679,94,94.09,400,20.6,1,0,59,8294.7,1820725.79
254,2871,61,110.65,1447,11.3,1,1,30,14800.91,902166.79
255,1964,76,92.31,1299,19.8,0,8,97,35718.04,293987.15
256,2489,50,83.98,367,15.1,1,6,93,15836.29,1852082.93
257,1732,21,18.16,1052,22.4,0,7,92,14034.74,426626.35
258,2949,89,66.8,1957,6.7,0,4,79,32109.86,59019.49
259,1999,93,161.21,78,12.5,0,4,34,43162.94,541020.21
260,2494,48,147.29,1510,14.4,0,6,12,32380.71,1786129.46
261,4131,70,44.86,1107,18.8,0,0,39,39027.27,485996.94
262,3685,29,99.44,667,28.2,0,5,97,47721.31,1842793.58
263,3039,79,183.8,1151,8.1,1,0,95,13914.11,620249.22
264,895,55,30.05,807,10.0,0,6,73,23351.27,1509937.03
265,2895,53,186.03,1497,15.3,1,4,87,20598.78,1241919.96
266,3477,29,118.27,405,6.4,1,1,34,27745.82,541972.63
267,1496,66,191.36,818,13.6,0,3,80,8287.74,405800.26
268,2563,33,79.02,463,23.3,0,8,52,3779.05,346449.51
269,4581,7,122.55,1619,4.1,1,1,54,10554.6,151379.85
270,2609,58,76.88,1944,4.0,0,4,40,40668.92,1794999.35
271,1422,15,121.72,1077,28.7,1,8,26,40419.36,1146854.76
272,813,31,13.81,72,20.0,0,7,36,11600.68,1765354.11
273,1008,54,13.92,1799,28.7,1,8,22,40660.25,1771920.05
274,657,47,21.92,1422,17.5,0,5,50,43875.25,152494.17
275,816,71,43.37,1628,11.4,0,2,4,13577.12,1338053.79
276,1109,88,24.97,1941,11.9,0,6,52,47078.29,530418.81
277,2461,67,152.79,173,1.1,0,1,92,24567.46,1755934.34
278,1922,92,64.13,1699,27.2,1,3,51,22923.36,966913.41
279,2496,15,145.12,1183,10.2,1,4,27,35981.34,1388673.87
280,704,8,69.4,450,25.1,0,5,62,25881.5,861540.46
281,2555,90,187.2,1502,26.3,1,7,30,45035.43,757846.41
282,682,78,199.32,1739,3.4,1,1,81,41938.09,1422381.68
283,3673,24,16.6,1508,18.7,0,5,76,25108.89,701794.66
284,2155,34,21.0,578,7.3,1,2,40,40000.62,927724.53
285,971,71,36.74,1082,0.9,1,5,21,8236.54,1716796.39
286,2689,20,155.66,1917,1.4,1,2,52,21576.23,914971.18
287,4206,55,71.59,1186,9.8,0,5,33,10537.31,440308.46
288,3788,79,134.83,1562,13.5,0,3,84,10460.18,505903.39
289,3027,23,150.56,1556,15.6,0,3,74,15866.13,730103.06
290,2153,49,122.71,621,27.1,1,4,13,10675.78,1969640.85
291,3905,57,13.91,1757,15.3,0,9,97,5813.72,1332252.19
292,1996,74,123.55,1813,8.4,1,2,53,8604.41,1650193.96
293,608,24,118.98,1879,17.2,1,6,83,8595.9,1650689.62
294,4317,70,140.46,1711,4.5,1,5,5,17325.47,1371714.04
295,2495,38,11.13,1181,26.8,0,2,3,31271.58,1021339.46
296,2137,47,172.78,1710,22.0,0,5,47,25551.5,494294.99
297,2717,91,77.78,222,0.3,1,4,71,23540.75,1375546.99
298,2570,53,100.99,1507,9.0,1,8,97,28028.77,215076.3
299,3229,49,186.07,1394,13.2,0,4,10,10795.29,1375196.08
300,4752,27,81.8,1641,21.2,1,4,94,27974.82,710970.03
301,3252,7,138.78,1761,28.7,0,3,93,11801.97,1294277.85
302,2352,53,171.69,1676,21.9,0,4,95,21210.56,1686307.17
303,3731,56,73.21,1799,2.9,0,3,52,30609.61,1090486.07
304,4010,11,88.66,649,28.8,1,3,92,28735.53,1478184.59
305,3050,11,88.71,947,3.9,0,9,18,10716.55,527584.39
306,4178,22,74.95,372,29.8,0,4,29,47084.95,1094849.16
307,2767,36,132.93,1072,16.7,0,6,79,9735.87,731166.91
308,4234,86,181.1,1410,6.2,0,2,23,49502.59,1834115.72
309,1646,19,138.89,1022,2.6,1,9,79,45000.36,433203.98
310,3760,15,93.26,135,18.8,1,1,40,5859.49,1460087.69
311,958,15,129.39,96,22.4,0,7,89,5471.88,1030478.28
312,2223,99,178.33,973,26.0,1,8,15,34656.4,1384046.95
313,1896,78,101.66,1517,23.3,0,9,61,45023.83,451469.13
314,2081,46,133.35,684,18.0,0,3,39,25508.28,1196923.87
315,2718,27,142.66,533,17.4,1,6,74,45445.17,1845379.02
316,938,65,12.63,190,1.1,1,3,26,40087.36,1140086.28
317,2730,24,73.93,586,9.6,1,9,2,48273.76,1485726.49
318,625,21,16.96,796,2.3,1,5,68,36581.67,1760518.31
319,4132,84,167.2,780,4.2,1,2,39,39289.84,1834547.59
320,4874,47,149.01,231,0.7,1,2,8,10518.28,1069641.32
321,4768,17,113.47,1144,20.3,1,9,38,9691.71,860696.01
322,1216,32,12.9,699,28.3,1,2,56,30976.19,1284842.84
323,1408,36,73.47,1658,6.5,0,9,48,41228.75,659218.84
324,1552,27,131.92,89,7.6,1,4,40,24342.01,752062.45
325,3362,57,117.83,517,9.5,1,5,74,26631.0,1753654.32
326,1909,42,85.47,474,25.6,1,7,12,3779.13,891952.64
327,2857,73,60.95,1432,10.2,1,3,65,44308.57,702811.73
328,622,87,13.75,1741,28.6,1,9,13,16034.33,1624623.55
329,2341,91,94.78,1776,4.0,1,9,81,43796.05,948612.26
330,933,29,126.49,1770,28.9,1,4,76,4871.14,1018551.42
331,4591,35,108.64,1046,4.9,0,3,47,3237.73,1751122.83
332,4130,34,32.14,957,17.5,1,7,76,19148.87,963795.29
333,689,17,81.72,365,28.4,1,8,35,21917.83,1644914.1
334,1721,72,167.36,1758,22.2,0,7,96,28941.37,1732646.99
335,3643,53,139.1,860,26.1,0,0,7,48956.36,528428.9
336,4410,69,51.87,734,21.8,1,0,42,11910.83,657699.91
337,1259,39,26.39,1202,8.2,1,4,65,28631.28,1729299.08
338,1585,43,180.84,614,11.7,1,8,40,34339.99,1237905.13
339,3947,50,118.68,1235,24.0,1,3,97,48985.17,1255176.88
340,2381,88,174.2,739,0.1,1,2,59,16141.06,1095399.36
341,3307,32,91.42,687,29.5,1,3,1,10610.22,725346.8
342,2772,66,23.96,594,7.5,0,3,35,39124.98,1607988.11
343,1892,66,37.16,1626,17.2,0,7,88,15996.05,685551.69
344,2245,58,76.97,1205,25.5,1,3,86,22333.71,669418.87
345,2515,12,191.37,1881,10.1,0,7,64,18027.77,368148.56
346,4708,84,129.24,1996,17.9,1,1,60,22611.28,661698.46
347,3383,56,72.1,373,17.8,1,5,36,43990.24,1243130.79
348,3279,93,106.44,1696,11.0,0,7,67,3671.29,887875.59
349,3980,42,159.97,1755,11.6,1,8,72,11312.77,411679.36
350,1647,11,91.07,263,16.7,1,8,74,39282.75,1971045.97
351,2746,41,109.2,563,7.6,1,4,62,15479.04,1547175.28
352,3503,53,114.06,1846,22.2,1,7,60,10632.56,1626347.26
353,3372,87,37.68,737,13.2,0,7,10,2480.97,1807418.05
354,1939,88,10.45,1719,18.8,0,5,50,21684.23,1583051.0
355,4089,92,176.9,1364,14.4,0,6,49,17241.28,917816.41
356,1993,15,172.71,66,12.9,1,7,45,11602.23,758738.96
357,2338,70,156.65,582,25.4,0,5,12,25771.49,1370357.67
358,4119,99,197.44,765,7.0,1,6,40,17537.37,688529.11
359,3808,16,182.46,1037,11.9,1,4,54,1332.68,434427.46
360,4280,56,142.93,1799,0.7,1,4,85,25466.44,1715284.16
361,2410,17,165.96,790,16.0,0,3,9,23028.63,1718285.97
362,2031,26,31.55,1454,0.7,1,1,28,49916.44,1107500.64
363,535,35,105.22,1034,14.6,1,2,47,27720.66,694545.97
364,2048,19,19.64,535,8.3,0,2,25,9586.0,549392.22
365,1112,11,25.58,1093,25.6,1,2,69,13391.43,1119201.52
366,3524,65,33.38,986,27.2,0,2,65,29455.06,74351.91
367,4696,36,149.36,532,11.1,1,6,58,49365.68,1148368.21
368,4762,5,40.5,290,20.9,0,1,67,4921.63,1697248.33
369,503,96,188.12,696,19.2,0,2,75,30318.21,657336.19
370,1682,93,49.8,1652,22.9,0,2,19,5569.01,77586.84
371,2589,13,149.74,1756,29.0,0,8,85,9842.8,522686.67
372,555,35,33.77,627,16.6,1,5,8,40435.81,1552661.8
373,3379,57,191.36,730,13.9,1,7,40,8275.91,587145.48
374,2589,48,28.8,466,15.8,1,4,95,7690.79,1212958.79
375,2219,56,100.55,577,26.2,0,8,44,14023.06,1880024.44
376,4154,60,39.66,342,8.6,1,0,98,33621.63,448764.71
377,2671,37,153.19,384,8.3,0,9,53,15707.7,794962.3
378,2298,18,73.7,1916,6.5,0,4,95,11733.69,1175722.1
379,1739,58,105.34,1141,6.7,0,1,5,22747.72,1050612.76
380,3632,27,72.62,926,21.6,1,6,81,7625.42,486077.54
381,1654,25,95.49,417,2.5,0,2,12,40077.3,1850777.33
382,2954,47,183.3,721,14.0,0,7,56,27548.68,1395363.23
383,3180,50,33.66,1335,23.1,0,9,4,25689.77,1859939.78
384,1666,60,31.34,1858,7.9,1,7,84,46394.36,359232.22
385,710,84,76.13,1289,3.6,1,9,69,32466.91,489422.54
386,4847,99,118.42,931,28.0,0,6,71,14729.66,1855517.13
387,2814,83,174.29,1046,24.5,1,3,80,18017.51,1051236.66
388,570,55,109.43,598,9.9,1,2,27,18874.94,389977.21
389,4344,41,89.72,1184,20.0,0,6,53,10250.78,1463811.51
390,4275,19,46.49,1405,27.0,1,0,62,41614.85,1564901.11
391,3431,23,34.2,1438,1.2,1,3,20,39982.59,1704593.67
392,776,44,21.48,1570,8.2,1,8,73,6014.54,100111.86
393,3301,64,131.37,1419,8.1,1,1,84,29622.73,345042.14
394,4847,8,101.92,625,2.0,0,7,88,5377.83,475323.31
395,3536,59,99.21,1164,4.9,1,2,11,44302.93,1584602.79
396,4841,49,119.07,1120,24.8,1,7,39,11516.35,1133136.91
397,3029,49,20.8,1585,8.9,0,7,26,31382.6,185820.98
398,1238,39,67.34,733,26.4,0,3,51,4149.1,1792307.36
399,3233,21,94.19,1613,6.9,1,1,33,46515.07,568223.93
400,2634,44,87.17,138,2.9,0,8,95,38691.95,1957116.55
401,4310,97,62.45,1360,0.1,1,3,68,44154.75,761892.37
402,2804,89,182.97,1793,9.6,1,0,28,12364.52,698693.74
403,4923,29,30.79,1526,21.4,1,8,62,28902.97,659619.59
404,1518,51,153.68,1378,6.1,0,9,88,36417.63,1523216.21
405,1678,37,28.04,963,1.6,0,3,54,16311.53,889268.03
406,4525,35,98.65,593,4.7,0,6,8,28645.5,1002647.28
407,3187,96,178.62,1255,8.9,0,8,97,27753.67,1478797.68
408,1447,78,87.4,1883,28.9,1,6,91,45063.81,176865.3
409,822,32,13.41,1199,26.4,0,1,82,32691.24,1079818.29
410,2306,90,151.81,1524,0.9,0,6,19,17905.83,1664350.08
411,1730,46,130.94,1380,15.9,0,0,89,15358.92,1503803.03
412,3089,24,67.55,1363,28.7,1,6,49,21602.7,1479093.76
413,963,89,52.15,1552,10.6,1,3,81,6430.1,1944201.33
414,3829,66,169.3,60,11.3,1,5,73,6580.07,1055168.79
415,4884,79,159.32,776,12.3,1,7,34,42251.78,374069.48
416,641,66,130.49,1818,1.6,0,8,7,32167.23,1606675.43
417,1625,27,51.83,513,16.2,1,9,31,22142.36,1688997.27
418,839,77,126.83,532,19.6,0,7,15,14459.7,1878853.07
419,1154,75,172.85,285,29.4,0,7,38,27218.11,1594828.63
420,4527,34,27.37,1713,18.6,0,1,34,47371.89,1503836.27
421,3292,57,93.25,1766,17.4,1,7,48,24786.32,1852438.64
422,4825,86,53.27,819,29.2,0,9,20,18203.82,1645269.77
423,2153,42,188.65,65,19.7,1,5,80,38144.18,768076.86
424,2225,47,26.73,1872,20.2,0,5,77,23376.16,1657389.21
425,1665,48,56.75,1856,20.2,1,8,29,19842.67,283771.82
426,641,58,114.65,355,4.9,1,7,25,25005.62,1489709.66
427,1506,33,187.58,133,1.8,1,7,15,11355.74,1340379.82
428,2896,49,144.11,657,22.3,1,5,45,18093.91,1447694.13
429,3683,27,31.72,1608,6.3,0,4,40,28267.52,1898215.66
430,4399,90,187.53,1780,24.1,0,3,25,31837.05,226424.64
431,2545,18,110.79,583,2.9,0,4,17,2000.53,1649139.32
432,1113,85,192.84,1107,21.7,1,0,83,22465.46,954205.9
433,861,23,189.91,1101,3.8,1,2,42,35854.25,1996111.95
434,4332,79,11.28,1675,13.5,1,6,35,17636.58,1011252.72
435,3411,44,99.77,722,11.2,1,9,73,23569.65,494012.72
436,776,38,47.22,1836,27.7,1,6,15,8023.03,1535755.35
437,3188,48,33.85,451,10.5,1,9,97,29787.42,101021.03
438,4059,20,152.54,1103,4.9,1,1,30,41254.7,545745.46
439,1640,17,66.43,811,16.9,0,7,34,44969.47,785787.53
440,3045,71,66.82,640,21.8,1,7,14,21530.33,1850091.23
441,3991,43,112.67,1995,8.1,0,0,36,46950.84,120288.93
442,1810,19,127.31,888,19.5,1,7,36,9637.18,467611.95
443,1989,86,123.33,1337,8.4,0,0,41,16171.05,1370780.17
444,2408,91,168.19,751,2.4,0,8,24,33211.37,1754630.93
445,4695,88,158.57,1224,23.4,0,7,22,45844.98,81814.36
446,589,49,91.51,488,8.8,0,9,57,31813.04,1569631.8
447,4810,37,35.19,1996,11.3,1,8,88,48276.89,284972.95
448,4606,57,93.87,584,24.0,0,4,63,22371.72,1607418.4
449,3039,51,32.88,506,11.7,1,1,24,12395.67,1782867.8
450,2346,65,171.38,846,23.8,1,4,38,27624.06,1919436.94
451,3077,68,168.41,1998,25.6,1,9,96,1470.09,954853.29
452,4079,99,33.56,277,4.7,1,7,72,10660.47,841244.59
453,1017,42,145.45,107,9.7,1,2,2,16334.13,1905888.91
454,4763,71,164.29,551,4.0,0,7,74,48180.29,1746569.9
455,3227,49,190.99,1397,26.2,0,7,56,44410.07,1763168.91
456,1212,76,38.34,1992,4.3,0,3,77,46917.4,125888.83
457,3636,45,131.17,1595,20.9,0,6,32,25578.72,763587.9
458,2147,21,48.86,1972,1.7,1,2,68,49170.14,379215.73
459,2123,67,55.63,1989,1.5,1,0,3,41422.56,537415.49
460,2880,56,24.2,1686,19.9,1,6,21,28801.7,547721.1
461,3175,38,124.7,362,16.6,1,7,35,18416.69,635519.82
462,4938,22,103.97,287,28.5,1,0,90,26481.01,367020.53
463,2591,29,65.45,302,5.8,0,7,99,3023.4,1407197.59
464,2670,68,186.47,209,11.6,1,1,75,33054.61,333466.36
465,517,54,12.59,1259,19.6,0,6,23,22331.74,1872040.27
466,2664,79,96.89,1952,22.9,1,2,49,37493.37,75577.49
467,778,39,107.49,416,8.6,0,1,31,35607.65,651091.76
468,2081,68,61.08,1704,2.9,0,2,91,28937.1,1463419.69
469,4792,96,154.66,156,12.5,0,9,71,25629.81,538905.13
470,2656,27,78.25,1770,20.6,1,0,10,14481.14,1212083.68
471,940,24,17.29,1244,21.9,0,4,58,31782.3,508829.1
472,1900,80,60.21,159,18.6,1,6,32,38333.15,1554828.38
473,4247,18,61.01,413,13.3,1,8,1,46530.35,192467.92
474,4701,99,74.73,1022,24.1,0,5,88,32911.62,1479605.89
475,1073,42,82.73,342,11.6,1,3,84,20514.19,469658.44
476,2513,7,139.92,1160,11.0,0,0,95,17527.69,1131788.2
477,1736,17,145.94,1332,25.2,1,8,73,18347.6,1471118.09
478,4396,29,13.34,694,10.9,1,5,47,24212.69,420088.14
479,1375,46,43.19,1335,26.3,1,8,71,38368.43,1373863.08
480,3331,98,109.4,1251,2.0,0,9,26,36058.55,455951.1
481,627,33,138.97,1807,10.0,1,0,20,33244.76,182439.05
482,4930,22,130.9,1992,17.1,0,0,33,45347.2,1306096.86
483,3637,11,116.7,981,8.4,1,5,37,41991.42,476627.1
484,531,79,184.69,1782,15.5,0,5,84,49218.4,898998.79
485,1775,8,69.98,56,19.2,0,6,80,21889.36,1053425.81
486,4970,99,82.29,68,2.9,0,5,60,43053.96,1721123.2
487,2807,67,196.05,269,30.0,1,0,21,18432.89,1066790.92
488,1843,99,55.33,743,25.4,1,3,50,6150.97,886916.99
489,3063,23,69.83,392,15.3,0,6,27,16362.98,619972.71
490,3724,73,38.72,899,14.9,0,2,65,47909.04,1673346.56
491,3501,46,184.78,1677,18.8,0,8,22,10363.97,1014681.9
492,3882,6,190.86,1451,2.0,0,3,99,10367.78,913096.94
493,1596,53,82.59,421,3.7,1,3,2,22786.97,648393.77
494,852,97,65.09,231,26.5,0,0,2,36771.46,583847.81
495,4828,53,159.33,639,19.7,1,9,22,15599.04,293836.24
496,735,78,15.53,517,19.3,1,8,66,1320.77,1900434.87
497,3765,96,52.51,555,5.2,0,7,76,21045.52,121948.6
498,4060,8,54.34,613,4.3,1,2,65,7606.63,910868.83
499,3660,64,57.43,126,2.8,0,1,7,17317.46,508795.17
500,3668,94,172.19,1550,17.6,1,2,64,17215.05,243035.06
